track_id,reference,artist_id,reference_group_id,artist_group_id,match_status,source_url,license_title,license_url,raw_license_title,raw_track_title,raw_artist_name,raw_artist_id,track_date_created,track_date_recorded,tta_count,echoes_paths_json,generators_json,genres_json,echoes_revision,metadata_status,review_reasons,provenance_status
15769,The Factory - Multifaros,4365,fma:15769,fma_artist:4365,exact,http://freemusicarchive.org/music/Multifaros/The_Factory/The_Factory,Attribution 3.0 United States,http://creativecommons.org/licenses/by/3.0/us/,Attribution 3.0 United States,The Factory,Multifaros,4365,6/29/2009 04:50:34 PM,,5,"[""TTA/acestep/The_Factory_Multifaros_acestep_TTA_001.mp3"", ""TTA/audioldm/The_Factory_Multifaros_audioldm_TTA_001.mp3"", ""TTA/diffrhythm/The_Factory_Multifaros_diffrhythm_TTA_001.mp3"", ""TTA/musicgen/The_Factory_Multifaros_musicgen_TTA_001.wav"", ""TTA/songgen/The_Factory_Multifaros_songgen_TTA_001.mp3""]","[""acestep"", ""audioldm"", ""diffrhythm"", ""musicgen"", ""songgen""]","[""Electronic""]",14b0c76c6a691c42fadfab9fb6a4eb1ee8c628a2,metadata_complete,,unverified
15770,The Boss - Multifaros,4365,fma:15770,fma_artist:4365,exact,http://freemusicarchive.org/music/Multifaros/The_Factory/The_Boss,Attribution 3.0 United States,http://creativecommons.org/licenses/by/3.0/us/,Attribution 3.0 United States,The Boss,Multifaros,4365,6/29/2009 04:50:36 PM,,5,"[""TTA/acestep/The_Boss_Multifaros_acestep_TTA_001.mp3"", ""TTA/audioldm/The_Boss_Multifaros_audioldm_TTA_001.mp3"", ""TTA/diffrhythm/The_Boss_Multifaros_diffrhythm_TTA_001.mp3"", ""TTA/musicgen/The_Boss_Multifaros_musicgen_TTA_001.wav"", ""TTA/songgen/The_Boss_Multifaros_songgen_TTA_001.mp3""]","[""acestep"", ""audioldm"", ""diffrhythm"", ""musicgen"", ""songgen""]","[""Electronic""]",14b0c76c6a691c42fadfab9fb6a4eb1ee8c628a2,metadata_complete,,unverified
21995,zero rhythm dollar boy - Katapulto,5828,fma:21995,fma_artist:5828,exact,http://freemusicarchive.org/music/Katapulto/Purity_and_Danger/7zero_rhythm_dollar_boy,Public Domain,http://creativecommons.org/licenses/publicdomain/,Public Domain,zero rhythm dollar boy,Katapulto,5828,12/10/2009 04:15:28 PM,,16,"[""TTA/acestep/zero_rhythm_dollar_boy_Katapulto_acestep_TTA_001.mp3"", ""TTA/audioldm/zero_rhythm_dollar_boy_Katapulto_audioldm_TTA_001.mp3"", ""TTA/brev/zero_rhythm_dollar_boy_Katapulto_brev_TTA_001.mp3"", ""TTA/brev/zero_rhythm_dollar_boy_Katapulto_brev_TTA_002.mp3"", ""TTA/diffrhythm/zero_rhythm_dollar_boy_Katapulto_diffrhythm_TTA_001.mp3"", ""TTA/elevenlabs/zero_rhythm_dollar_boy_Katapulto_elevenlabs_TTA_001.mp3"", ""TTA/elevenlabs/zero_rhythm_dollar_boy_Katapulto_elevenlabs_TTA_002.mp3"", ""TTA/mubert/zero_rhythm_dollar_boy_Katapulto_mubert_TTA_001.mp3"", ""TTA/musicgen/zero_rhythm_dollar_boy_Katapulto_musicgen_TTA_001.wav"", ""TTA/producer/zero_rhythm_dollar_boy_Katapulto_producer_TTA_001.mp3"", ""TTA/songgen/zero_rhythm_dollar_boy_Katapulto_songgen_TTA_001.mp3"", ""TTA/stableaudio/zero_rhythm_dollar_boy_Katapulto_stableaudio_TTA_001.mp3"", ""TTA/suno/zero_rhythm_dollar_boy_Katapulto_suno_TTA_001.mp3"", ""TTA/suno/zero_rhythm_dollar_boy_Katapulto_suno_TTA_002.mp3"", ""TTA/udio/zero_rhythm_dollar_boy_Katapulto_udio_TTA_001.mp3"", ""TTA/udio/zero_rhythm_dollar_boy_Katapulto_udio_TTA_002.mp3""]","[""acestep"", ""audioldm"", ""brev"", ""diffrhythm"", ""elevenlabs"", ""mubert"", ""musicgen"", ""producer"", ""songgen"", ""stableaudio"", ""suno"", ""udio""]","[""Pop""]",14b0c76c6a691c42fadfab9fb6a4eb1ee8c628a2,needs_review,legacy_public_domain_url,unverified
21996,gospellioza - Katapulto,5828,fma:21996,fma_artist:5828,exact,http://freemusicarchive.org/music/Katapulto/Purity_and_Danger/6gospellioza,Public Domain,http://creativecommons.org/licenses/publicdomain/,Public Domain,gospellioza,Katapulto,5828,12/10/2009 04:15:29 PM,,15,"[""TTA/acestep/gospellioza_Katapulto_acestep_TTA_001.mp3"", ""TTA/audioldm/gospellioza_Katapulto_audioldm_TTA_001.mp3"", ""TTA/brev/gospellioza_Katapulto_brev_TTA_001.mp3"", ""TTA/brev/gospellioza_Katapulto_brev_TTA_002.mp3"", ""TTA/diffrhythm/gospellioza_Katapulto_diffrhythm_TTA_001.mp3"", ""TTA/elevenlabs/gospellioza_Katapulto_elevenlabs_TTA_001.mp3"", ""TTA/elevenlabs/gospellioza_Katapulto_elevenlabs_TTA_002.mp3"", ""TTA/mubert/gospellioza_Katapulto_mubert_TTA_001.mp3"", ""TTA/musicgen/gospellioza_Katapulto_musicgen_TTA_001.wav"", ""TTA/producer/gospellioza_Katapulto_producer_TTA_001.mp3"", ""TTA/songgen/gospellioza_Katapulto_songgen_TTA_001.mp3"", ""TTA/suno/gospellioza_Katapulto_suno_TTA_001.mp3"", ""TTA/suno/gospellioza_Katapulto_suno_TTA_002.mp3"", ""TTA/udio/gospellioza_Katapulto_udio_TTA_001.mp3"", ""TTA/udio/gospellioza_Katapulto_udio_TTA_002.mp3""]","[""acestep"", ""audioldm"", ""brev"", ""diffrhythm"", ""elevenlabs"", ""mubert"", ""musicgen"", ""producer"", ""songgen"", ""suno"", ""udio""]","[""Pop""]",14b0c76c6a691c42fadfab9fb6a4eb1ee8c628a2,needs_review,legacy_public_domain_url,unverified
21997,purity & danger - Katapulto,5828,fma:21997,fma_artist:5828,exact,http://freemusicarchive.org/music/Katapulto/Purity_and_Danger/5purity__danger,Public Domain,http://creativecommons.org/licenses/publicdomain/,Public Domain,purity & danger,Katapulto,5828,12/10/2009 04:15:30 PM,,19,"[""TTA/acestep/purity_danger_Katapulto_acestep_TTA_001.mp3"", ""TTA/audioldm/purity_danger_Katapulto_audioldm_TTA_001.mp3"", ""TTA/brev/purity_danger_Katapulto_brev_TTA_001.mp3"", ""TTA/brev/purity_danger_Katapulto_brev_TTA_002.mp3"", ""TTA/diffrhythm/purity_danger_Katapulto_diffrhythm_TTA_001.mp3"", ""TTA/diffrhythm/purity_danger_Katapulto_diffrhythm_TTA_002.mp3"", ""TTA/elevenlabs/purity_danger_Katapulto_elevenlabs_TTA_001.mp3"", ""TTA/elevenlabs/purity_danger_Katapulto_elevenlabs_TTA_002.mp3"", ""TTA/mubert/purity_danger_Katapulto_mubert_TTA_001.mp3"", ""TTA/musicgen/purity_danger_Katapulto_musicgen_TTA_001.wav"", ""TTA/producer/purity_danger_Katapulto_producer_TTA_001.mp3"", ""TTA/songgen/purity_danger_Katapulto_songgen_TTA_001.mp3"", ""TTA/stableaudio/purity_danger_Katapulto_stableaudio_TTA_001.mp3"", ""TTA/stableaudio/purity_danger_Katapulto_stableaudio_TTA_002.mp3"", ""TTA/stableaudio/purity_danger_Katapulto_stableaudio_TTA_003.mp3"", ""TTA/suno/purity_danger_Katapulto_suno_TTA_001.mp3"", ""TTA/suno/purity_danger_Katapulto_suno_TTA_002.mp3"", ""TTA/udio/purity_danger_Katapulto_udio_TTA_001.mp3"", ""TTA/udio/purity_danger_Katapulto_udio_TTA_002.mp3""]","[""acestep"", ""audioldm"", ""brev"", ""diffrhythm"", ""elevenlabs"", ""mubert"", ""musicgen"", ""producer"", ""songgen"", ""stableaudio"", ""suno"", ""udio""]","[""Pop""]",14b0c76c6a691c42fadfab9fb6a4eb1ee8c628a2,needs_review,legacy_public_domain_url,unverified
21998,karaoke megablast - Katapulto,5828,fma:21998,fma_artist:5828,exact,http://freemusicarchive.org/music/Katapulto/Purity_and_Danger/4karaoke_megablast,Public Domain,http://creativecommons.org/licenses/publicdomain/,Public Domain,karaoke megablast,Katapulto,5828,12/10/2009 04:15:30 PM,,6,"[""TTA/acestep/karaoke_megablast_Katapulto_acestep_TTA_001.mp3"", ""TTA/audioldm/karaoke_megablast_Katapulto_audioldm_TTA_001.mp3"", ""TTA/diffrhythm/karaoke_megablast_Katapulto_diffrhythm_TTA_001.mp3"", ""TTA/musicgen/karaoke_megablast_Katapulto_musicgen_TTA_001.wav"", ""TTA/songgen/karaoke_megablast_Katapulto_songgen_TTA_001.mp3"", ""TTA/stableaudio/karaoke_megablast_Katapulto_stableaudio_TTA_001.mp3""]","[""acestep"", ""audioldm"", ""diffrhythm"", ""musicgen"", ""songgen"", ""stableaudio""]","[""Pop""]",14b0c76c6a691c42fadfab9fb6a4eb1ee8c628a2,needs_review,legacy_public_domain_url,unverified
21999,danse macabre - Katapulto,5828,fma:21999,fma_artist:5828,exact,http://freemusicarchive.org/music/Katapulto/Purity_and_Danger/3danse_macabre,Public Domain,http://creativecommons.org/licenses/publicdomain/,Public Domain,danse macabre,Katapulto,5828,12/10/2009 04:15:30 PM,,15,"[""TTA/acestep/danse_macabre_Katapulto_acestep_TTA_001.mp3"", ""TTA/audioldm/danse_macabre_Katapulto_audioldm_TTA_001.mp3"", ""TTA/brev/danse_macabre_Katapulto_brev_TTA_001.mp3"", ""TTA/brev/danse_macabre_Katapulto_brev_TTA_002.mp3"", ""TTA/diffrhythm/danse_macabre_Katapulto_diffrhythm_TTA_001.mp3"", ""TTA/elevenlabs/danse_macabre_Katapulto_elevenlabs_TTA_001.mp3"", ""TTA/elevenlabs/danse_macabre_Katapulto_elevenlabs_TTA_002.mp3"", ""TTA/mubert/danse_macabre_Katapulto_mubert_TTA_001.mp3"", ""TTA/musicgen/danse_macabre_Katapulto_musicgen_TTA_001.wav"", ""TTA/producer/danse_macabre_Katapulto_producer_TTA_001.mp3"", ""TTA/songgen/danse_macabre_Katapulto_songgen_TTA_001.mp3"", ""TTA/suno/danse_macabre_Katapulto_suno_TTA_001.mp3"", ""TTA/suno/danse_macabre_Katapulto_suno_TTA_002.mp3"", ""TTA/udio/danse_macabre_Katapulto_udio_TTA_001.mp3"", ""TTA/udio/danse_macabre_Katapulto_udio_TTA_002.mp3""]","[""acestep"", ""audioldm"", ""brev"", ""diffrhythm"", ""elevenlabs"", ""mubert"", ""musicgen"", ""producer"", ""songgen"", ""suno"", ""udio""]","[""Pop""]",14b0c76c6a691c42fadfab9fb6a4eb1ee8c628a2,needs_review,legacy_public_domain_url,unverified
22000,kolorowe wody - Katapulto,5828,fma:22000,fma_artist:5828,exact,http://freemusicarchive.org/music/Katapulto/Purity_and_Danger/2kolorowe_wody,Public Domain,http://creativecommons.org/licenses/publicdomain/,Public Domain,kolorowe wody,Katapulto,5828,12/10/2009 04:15:32 PM,,16,"[""TTA/acestep/kolorowe_wody_Katapulto_acestep_TTA_001.mp3"", ""TTA/audioldm/kolorowe_wody_Katapulto_audioldm_TTA_001.mp3"", ""TTA/brev/kolorowe_wody_Katapulto_brev_TTA_001.mp3"", ""TTA/brev/kolorowe_wody_Katapulto_brev_TTA_002.mp3"", ""TTA/diffrhythm/kolorowe_wody_Katapulto_diffrhythm_TTA_001.mp3"", ""TTA/elevenlabs/kolorowe_wody_Katapulto_elevenlabs_TTA_001.mp3"", ""TTA/elevenlabs/kolorowe_wody_Katapulto_elevenlabs_TTA_002.mp3"", ""TTA/mubert/kolorowe_wody_Katapulto_mubert_TTA_001.mp3"", ""TTA/musicgen/kolorowe_wody_Katapulto_musicgen_TTA_001.wav"", ""TTA/producer/kolorowe_wody_Katapulto_producer_TTA_001.mp3"", ""TTA/songgen/kolorowe_wody_Katapulto_songgen_TTA_001.mp3"", ""TTA/stableaudio/kolorowe_wody_Katapulto_stableaudio_TTA_001.mp3"", ""TTA/suno/kolorowe_wody_Katapulto_suno_TTA_001.mp3"", ""TTA/suno/kolorowe_wody_Katapulto_suno_TTA_002.mp3"", ""TTA/udio/kolorowe_wody_Katapulto_udio_TTA_001.mp3"", ""TTA/udio/kolorowe_wody_Katapulto_udio_TTA_002.mp3""]","[""acestep"", ""audioldm"", ""brev"", ""diffrhythm"", ""elevenlabs"", ""mubert"", ""musicgen"", ""producer"", ""songgen"", ""stableaudio"", ""suno"", ""udio""]","[""Pop""]",14b0c76c6a691c42fadfab9fb6a4eb1ee8c628a2,needs_review,legacy_public_domain_url,unverified
22001,philcollins takes your hand - Katapulto,5828,fma:22001,fma_artist:5828,exact,http://freemusicarchive.org/music/Katapulto/Purity_and_Danger/1philcollins_takes_your_hand,Public Domain,http://creativecommons.org/licenses/publicdomain/,Public Domain,philcollins takes your hand,Katapulto,5828,12/10/2009 04:15:32 PM,,16,"[""TTA/acestep/philcollins_takes_your_hand_Katapulto_acestep_TTA_001.mp3"", ""TTA/audioldm/philcollins_takes_your_hand_Katapulto_audioldm_TTA_001.mp3"", ""TTA/brev/philcollins_takes_your_hand_Katapulto_brev_TTA_001.mp3"", ""TTA/brev/philcollins_takes_your_hand_Katapulto_brev_TTA_002.mp3"", ""TTA/diffrhythm/philcollins_takes_your_hand_Katapulto_diffrhythm_TTA_001.mp3"", ""TTA/elevenlabs/philcollins_takes_your_hand_Katapulto_elevenlabs_TTA_001.mp3"", ""TTA/elevenlabs/philcollins_takes_your_hand_Katapulto_elevenlabs_TTA_002.mp3"", ""TTA/mubert/philcollins_takes_your_hand_Katapulto_mubert_TTA_001.mp3"", ""TTA/musicgen/philcollins_takes_your_hand_Katapulto_musicgen_TTA_001.wav"", ""TTA/producer/philcollins_takes_your_hand_Katapulto_producer_TTA_001.mp3"", ""TTA/songgen/philcollins_takes_your_hand_Katapulto_songgen_TTA_001.mp3"", ""TTA/stableaudio/philcollins_takes_your_hand_Katapulto_stableaudio_TTA_001.mp3"", ""TTA/suno/philcollins_takes_your_hand_Katapulto_suno_TTA_001.mp3"", ""TTA/suno/philcollins_takes_your_hand_Katapulto_suno_TTA_002.mp3"", ""TTA/udio/philcollins_takes_your_hand_Katapulto_udio_TTA_001.mp3"", ""TTA/udio/philcollins_takes_your_hand_Katapulto_udio_TTA_002.mp3""]","[""acestep"", ""audioldm"", ""brev"", ""diffrhythm"", ""elevenlabs"", ""mubert"", ""musicgen"", ""producer"", ""songgen"", ""stableaudio"", ""suno"", ""udio""]","[""Pop""]",14b0c76c6a691c42fadfab9fb6a4eb1ee8c628a2,needs_review,legacy_public_domain_url,unverified
22472,Busby Berkeley - Ergo Phizmiz,129,fma:22472,fma_artist:129,exact,http://freemusicarchive.org/music/Ergo_Phizmiz/Live_in_Warsaw/01_Busby-Berkeley,Attribution 3.0 United States,http://creativecommons.org/licenses/by/3.0/us/,Attribution 3.0 United States,Busby Berkeley,Ergo Phizmiz,129,12/19/2009 03:57:49 PM,,16,"[""TTA/acestep/Busby_Berkeley_Ergo_Phizmiz_acestep_TTA_001.mp3"", ""TTA/audioldm/Busby_Berkeley_Ergo_Phizmiz_audioldm_TTA_001.mp3"", ""TTA/brev/Busby_Berkeley_Ergo_Phizmiz_brev_TTA_001.mp3"", ""TTA/brev/Busby_Berkeley_Ergo_Phizmiz_brev_TTA_002.mp3"", ""TTA/diffrhythm/Busby_Berkeley_Ergo_Phizmiz_diffrhythm_TTA_001.mp3"", ""TTA/elevenlabs/Busby_Berkeley_Ergo_Phizmiz_elevenlabs_TTA_001.mp3"", ""TTA/elevenlabs/Busby_Berkeley_Ergo_Phizmiz_elevenlabs_TTA_002.mp3"", ""TTA/mubert/Busby_Berkeley_Ergo_Phizmiz_mubert_TTA_001.mp3"", ""TTA/musicgen/Busby_Berkeley_Ergo_Phizmiz_musicgen_TTA_001.wav"", ""TTA/producer/Busby_Berkeley_Ergo_Phizmiz_producer_TTA_001.mp3"", ""TTA/songgen/Busby_Berkeley_Ergo_Phizmiz_songgen_TTA_001.mp3"", ""TTA/stableaudio/Busby_Berkeley_Ergo_Phizmiz_stableaudio_TTA_001.mp3"", ""TTA/suno/Busby_Berkeley_Ergo_Phizmiz_suno_TTA_001.mp3"", ""TTA/suno/Busby_Berkeley_Ergo_Phizmiz_suno_TTA_002.mp3"", ""TTA/udio/Busby_Berkeley_Ergo_Phizmiz_udio_TTA_001.mp3"", ""TTA/udio/Busby_Berkeley_Ergo_Phizmiz_udio_TTA_002.mp3""]","[""acestep"", ""audioldm"", ""brev"", ""diffrhythm"", ""elevenlabs"", ""mubert"", ""musicgen"", ""producer"", ""songgen"", ""stableaudio"", ""suno"", ""udio""]","[""Pop""]",14b0c76c6a691c42fadfab9fb6a4eb1ee8c628a2,metadata_complete,,unverified
22473,Food and War - Ergo Phizmiz,129,fma:22473,fma_artist:129,exact,http://freemusicarchive.org/music/Ergo_Phizmiz/Live_in_Warsaw/02_Food-and-War,Attribution 3.0 United States,http://creativecommons.org/licenses/by/3.0/us/,Attribution 3.0 United States,Food and War,Ergo Phizmiz,129,12/19/2009 03:57:49 PM,,16,"[""TTA/acestep/Food_and_War_Ergo_Phizmiz_acestep_TTA_001.mp3"", ""TTA/audioldm/Food_and_War_Ergo_Phizmiz_audioldm_TTA_001.mp3"", ""TTA/brev/Food_and_War_Ergo_Phizmiz_brev_TTA_001.mp3"", ""TTA/brev/Food_and_War_Ergo_Phizmiz_brev_TTA_002.mp3"", ""TTA/diffrhythm/Food_and_War_Ergo_Phizmiz_diffrhythm_TTA_001.mp3"", ""TTA/elevenlabs/Food_and_War_Ergo_Phizmiz_elevenlabs_TTA_001.mp3"", ""TTA/elevenlabs/Food_and_War_Ergo_Phizmiz_elevenlabs_TTA_002.mp3"", ""TTA/mubert/Food_and_War_Ergo_Phizmiz_mubert_TTA_001.mp3"", ""TTA/musicgen/Food_and_War_Ergo_Phizmiz_musicgen_TTA_001.wav"", ""TTA/producer/Food_and_War_Ergo_Phizmiz_producer_TTA_001.mp3"", ""TTA/songgen/Food_and_War_Ergo_Phizmiz_songgen_TTA_001.mp3"", ""TTA/stableaudio/Food_and_War_Ergo_Phizmiz_stableaudio_TTA_001.mp3"", ""TTA/suno/Food_and_War_Ergo_Phizmiz_suno_TTA_001.mp3"", ""TTA/suno/Food_and_War_Ergo_Phizmiz_suno_TTA_002.mp3"", ""TTA/udio/Food_and_War_Ergo_Phizmiz_udio_TTA_001.mp3"", ""TTA/udio/Food_and_War_Ergo_Phizmiz_udio_TTA_002.mp3""]","[""acestep"", ""audioldm"", ""brev"", ""diffrhythm"", ""elevenlabs"", ""mubert"", ""musicgen"", ""producer"", ""songgen"", ""stableaudio"", ""suno"", ""udio""]","[""Pop""]",14b0c76c6a691c42fadfab9fb6a4eb1ee8c628a2,metadata_complete,,unverified
22474,John the Baby - Ergo Phizmiz,129,fma:22474,fma_artist:129,exact,http://freemusicarchive.org/music/Ergo_Phizmiz/Live_in_Warsaw/03_John-the-Baby,Attribution 3.0 United States,http://creativecommons.org/licenses/by/3.0/us/,Attribution 3.0 United States,John the Baby,Ergo Phizmiz,129,12/19/2009 03:57:51 PM,,16,"[""TTA/acestep/John_the_Baby_Ergo_Phizmiz_acestep_TTA_001.mp3"", ""TTA/audioldm/John_the_Baby_Ergo_Phizmiz_audioldm_TTA_001.mp3"", ""TTA/brev/John_the_Baby_Ergo_Phizmiz_brev_TTA_001.mp3"", ""TTA/brev/John_the_Baby_Ergo_Phizmiz_brev_TTA_002.mp3"", ""TTA/diffrhythm/John_the_Baby_Ergo_Phizmiz_diffrhythm_TTA_001.mp3"", ""TTA/elevenlabs/John_the_Baby_Ergo_Phizmiz_elevenlabs_TTA_001.mp3"", ""TTA/elevenlabs/John_the_Baby_Ergo_Phizmiz_elevenlabs_TTA_002.mp3"", ""TTA/mubert/John_the_Baby_Ergo_Phizmiz_mubert_TTA_001.mp3"", ""TTA/musicgen/John_the_Baby_Ergo_Phizmiz_musicgen_TTA_001.wav"", ""TTA/producer/John_the_Baby_Ergo_Phizmiz_producer_TTA_001.mp3"", ""TTA/songgen/John_the_Baby_Ergo_Phizmiz_songgen_TTA_001.mp3"", ""TTA/stableaudio/John_the_Baby_Ergo_Phizmiz_stableaudio_TTA_001.mp3"", ""TTA/suno/John_the_Baby_Ergo_Phizmiz_suno_TTA_001.mp3"", ""TTA/suno/John_the_Baby_Ergo_Phizmiz_suno_TTA_002.mp3"", ""TTA/udio/John_the_Baby_Ergo_Phizmiz_udio_TTA_001.mp3"", ""TTA/udio/John_the_Baby_Ergo_Phizmiz_udio_TTA_002.mp3""]","[""acestep"", ""audioldm"", ""brev"", ""diffrhythm"", ""elevenlabs"", ""mubert"", ""musicgen"", ""producer"", ""songgen"", ""stableaudio"", ""suno"", ""udio""]","[""Pop""]",14b0c76c6a691c42fadfab9fb6a4eb1ee8c628a2,metadata_complete,,unverified
22475,On My Mind - Ergo Phizmiz,129,fma:22475,fma_artist:129,exact,http://freemusicarchive.org/music/Ergo_Phizmiz/Live_in_Warsaw/04_On-My-Mind,Attribution 3.0 United States,http://creativecommons.org/licenses/by/3.0/us/,Attribution 3.0 United States,On My Mind,Ergo Phizmiz,129,12/19/2009 03:57:51 PM,,16,"[""TTA/acestep/On_My_Mind_Ergo_Phizmiz_acestep_TTA_001.mp3"", ""TTA/audioldm/On_My_Mind_Ergo_Phizmiz_audioldm_TTA_001.mp3"", ""TTA/brev/On_My_Mind_Ergo_Phizmiz_brev_TTA_001.mp3"", ""TTA/brev/On_My_Mind_Ergo_Phizmiz_brev_TTA_002.mp3"", ""TTA/diffrhythm/On_My_Mind_Ergo_Phizmiz_diffrhythm_TTA_001.mp3"", ""TTA/elevenlabs/On_My_Mind_Ergo_Phizmiz_elevenlabs_TTA_001.mp3"", ""TTA/elevenlabs/On_My_Mind_Ergo_Phizmiz_elevenlabs_TTA_002.mp3"", ""TTA/mubert/On_My_Mind_Ergo_Phizmiz_mubert_TTA_001.mp3"", ""TTA/musicgen/On_My_Mind_Ergo_Phizmiz_musicgen_TTA_001.wav"", ""TTA/producer/On_My_Mind_Ergo_Phizmiz_producer_TTA_001.mp3"", ""TTA/songgen/On_My_Mind_Ergo_Phizmiz_songgen_TTA_001.mp3"", ""TTA/stableaudio/On_My_Mind_Ergo_Phizmiz_stableaudio_TTA_001.mp3"", ""TTA/suno/On_My_Mind_Ergo_Phizmiz_suno_TTA_001.mp3"", ""TTA/suno/On_My_Mind_Ergo_Phizmiz_suno_TTA_002.mp3"", ""TTA/udio/On_My_Mind_Ergo_Phizmiz_udio_TTA_001.mp3"", ""TTA/udio/On_My_Mind_Ergo_Phizmiz_udio_TTA_002.mp3""]","[""acestep"", ""audioldm"", ""brev"", ""diffrhythm"", ""elevenlabs"", ""mubert"", ""musicgen"", ""producer"", ""songgen"", ""stableaudio"", ""suno"", ""udio""]","[""Pop""]",14b0c76c6a691c42fadfab9fb6a4eb1ee8c628a2,metadata_complete,,unverified
22476,Music For an Underground Circu - Ergo Phizmiz,129,fma:22476,fma_artist:129,exact,http://freemusicarchive.org/music/Ergo_Phizmiz/Live_in_Warsaw/05_Music-for-an-Underground-Circus,Attribution 3.0 United States,http://creativecommons.org/licenses/by/3.0/us/,Attribution 3.0 United States,Music For an Underground Circu,Ergo Phizmiz,129,12/19/2009 03:57:52 PM,,17,"[""TTA/acestep/Music_For_an_Underground_Circu_Ergo_Phizmiz_acestep_TTA_001.mp3"", ""TTA/audioldm/Music_For_an_Underground_Circu_Ergo_Phizmiz_audioldm_TTA_001.mp3"", ""TTA/brev/Music_For_an_Underground_Circu_Ergo_Phizmiz_brev_TTA_001.mp3"", ""TTA/brev/Music_For_an_Underground_Circu_Ergo_Phizmiz_brev_TTA_002.mp3"", ""TTA/diffrhythm/Music_For_an_Underground_Circu_Ergo_Phizmiz_diffrhythm_TTA_001.mp3"", ""TTA/elevenlabs/Music_For_an_Underground_Circu_Ergo_Phizmiz_elevenlabs_TTA_001.mp3"", ""TTA/elevenlabs/Music_For_an_Underground_Circu_Ergo_Phizmiz_elevenlabs_TTA_002.mp3"", ""TTA/mubert/Music_For_an_Underground_Circu_Ergo_Phizmiz_mubert_TTA_001.mp3"", ""TTA/musicgen/Music_For_an_Underground_Circu_Ergo_Phizmiz_musicgen_TTA_001.wav"", ""TTA/producer/Music_For_an_Underground_Circu_Ergo_Phizmiz_producer_TTA_001.mp3"", ""TTA/producer/Music_For_an_Underground_Circu_Ergo_Phizmiz_producer_TTA_002.mp3"", ""TTA/songgen/Music_For_an_Underground_Circu_Ergo_Phizmiz_songgen_TTA_001.mp3"", ""TTA/stableaudio/Music_For_an_Underground_Circu_Ergo_Phizmiz_stableaudio_TTA_001.mp3"", ""TTA/suno/Music_For_an_Underground_Circu_Ergo_Phizmiz_suno_TTA_001.mp3"", ""TTA/suno/Music_For_an_Underground_Circu_Ergo_Phizmiz_suno_TTA_002.mp3"", ""TTA/udio/Music_For_an_Underground_Circu_Ergo_Phizmiz_udio_TTA_001.mp3"", ""TTA/udio/Music_For_an_Underground_Circu_Ergo_Phizmiz_udio_TTA_002.mp3""]","[""acestep"", ""audioldm"", ""brev"", ""diffrhythm"", ""elevenlabs"", ""mubert"", ""musicgen"", ""producer"", ""songgen"", ""stableaudio"", ""suno"", ""udio""]","[""Pop""]",14b0c76c6a691c42fadfab9fb6a4eb1ee8c628a2,metadata_complete,,unverified
22478,Something Dirty - Ergo Phizmiz,129,fma:22478,fma_artist:129,exact,http://freemusicarchive.org/music/Ergo_Phizmiz/Live_in_Warsaw/07_Something-Dirty,Attribution 3.0 United States,http://creativecommons.org/licenses/by/3.0/us/,Attribution 3.0 United States,Something Dirty,Ergo Phizmiz,129,12/19/2009 03:57:53 PM,,16,"[""TTA/acestep/Something_Dirty_Ergo_Phizmiz_acestep_TTA_001.mp3"", ""TTA/audioldm/Something_Dirty_Ergo_Phizmiz_audioldm_TTA_001.mp3"", ""TTA/brev/Something_Dirty_Ergo_Phizmiz_brev_TTA_001.mp3"", ""TTA/brev/Something_Dirty_Ergo_Phizmiz_brev_TTA_002.mp3"", ""TTA/diffrhythm/Something_Dirty_Ergo_Phizmiz_diffrhythm_TTA_001.mp3"", ""TTA/elevenlabs/Something_Dirty_Ergo_Phizmiz_elevenlabs_TTA_001.mp3"", ""TTA/elevenlabs/Something_Dirty_Ergo_Phizmiz_elevenlabs_TTA_002.mp3"", ""TTA/mubert/Something_Dirty_Ergo_Phizmiz_mubert_TTA_001.mp3"", ""TTA/musicgen/Something_Dirty_Ergo_Phizmiz_musicgen_TTA_001.wav"", ""TTA/producer/Something_Dirty_Ergo_Phizmiz_producer_TTA_001.mp3"", ""TTA/songgen/Something_Dirty_Ergo_Phizmiz_songgen_TTA_001.mp3"", ""TTA/stableaudio/Something_Dirty_Ergo_Phizmiz_stableaudio_TTA_001.mp3"", ""TTA/suno/Something_Dirty_Ergo_Phizmiz_suno_TTA_001.mp3"", ""TTA/suno/Something_Dirty_Ergo_Phizmiz_suno_TTA_002.mp3"", ""TTA/udio/Something_Dirty_Ergo_Phizmiz_udio_TTA_001.mp3"", ""TTA/udio/Something_Dirty_Ergo_Phizmiz_udio_TTA_002.mp3""]","[""acestep"", ""audioldm"", ""brev"", ""diffrhythm"", ""elevenlabs"", ""mubert"", ""musicgen"", ""producer"", ""songgen"", ""stableaudio"", ""suno"", ""udio""]","[""Pop""]",14b0c76c6a691c42fadfab9fb6a4eb1ee8c628a2,metadata_complete,,unverified
22479,Mandrill - Ergo Phizmiz,129,fma:22479,fma_artist:129,exact,http://freemusicarchive.org/music/Ergo_Phizmiz/Live_in_Warsaw/08_Mandrill,Attribution 3.0 United States,http://creativecommons.org/licenses/by/3.0/us/,Attribution 3.0 United States,Mandrill,Ergo Phizmiz,129,12/19/2009 03:57:54 PM,,16,"[""TTA/acestep/Mandrill_Ergo_Phizmiz_acestep_TTA_001.mp3"", ""TTA/audioldm/Mandrill_Ergo_Phizmiz_audioldm_TTA_001.mp3"", ""TTA/brev/Mandrill_Ergo_Phizmiz_brev_TTA_001.mp3"", ""TTA/brev/Mandrill_Ergo_Phizmiz_brev_TTA_002.mp3"", ""TTA/diffrhythm/Mandrill_Ergo_Phizmiz_diffrhythm_TTA_001.mp3"", ""TTA/elevenlabs/Mandrill_Ergo_Phizmiz_elevenlabs_TTA_001.mp3"", ""TTA/elevenlabs/Mandrill_Ergo_Phizmiz_elevenlabs_TTA_002.mp3"", ""TTA/mubert/Mandrill_Ergo_Phizmiz_mubert_TTA_001.mp3"", ""TTA/musicgen/Mandrill_Ergo_Phizmiz_musicgen_TTA_001.wav"", ""TTA/producer/Mandrill_Ergo_Phizmiz_producer_TTA_001.mp3"", ""TTA/songgen/Mandrill_Ergo_Phizmiz_songgen_TTA_001.mp3"", ""TTA/stableaudio/Mandrill_Ergo_Phizmiz_stableaudio_TTA_001.mp3"", ""TTA/suno/Mandrill_Ergo_Phizmiz_suno_TTA_001.mp3"", ""TTA/suno/Mandrill_Ergo_Phizmiz_suno_TTA_002.mp3"", ""TTA/udio/Mandrill_Ergo_Phizmiz_udio_TTA_001.mp3"", ""TTA/udio/Mandrill_Ergo_Phizmiz_udio_TTA_002.mp3""]","[""acestep"", ""audioldm"", ""brev"", ""diffrhythm"", ""elevenlabs"", ""mubert"", ""musicgen"", ""producer"", ""songgen"", ""stableaudio"", ""suno"", ""udio""]","[""Pop""]",14b0c76c6a691c42fadfab9fb6a4eb1ee8c628a2,metadata_complete,,unverified
22480,Celia - Ergo Phizmiz,129,fma:22480,fma_artist:129,exact,http://freemusicarchive.org/music/Ergo_Phizmiz/Live_in_Warsaw/09_Celia,Attribution 3.0 United States,http://creativecommons.org/licenses/by/3.0/us/,Attribution 3.0 United States,Celia,Ergo Phizmiz,129,12/19/2009 03:57:54 PM,,16,"[""TTA/acestep/Celia_Ergo_Phizmiz_acestep_TTA_001.mp3"", ""TTA/audioldm/Celia_Ergo_Phizmiz_audioldm_TTA_001.mp3"", ""TTA/brev/Celia_Ergo_Phizmiz_brev_TTA_001.mp3"", ""TTA/brev/Celia_Ergo_Phizmiz_brev_TTA_002.mp3"", ""TTA/diffrhythm/Celia_Ergo_Phizmiz_diffrhythm_TTA_001.mp3"", ""TTA/elevenlabs/Celia_Ergo_Phizmiz_elevenlabs_TTA_001.mp3"", ""TTA/elevenlabs/Celia_Ergo_Phizmiz_elevenlabs_TTA_002.mp3"", ""TTA/mubert/Celia_Ergo_Phizmiz_mubert_TTA_001.mp3"", ""TTA/musicgen/Celia_Ergo_Phizmiz_musicgen_TTA_001.wav"", ""TTA/producer/Celia_Ergo_Phizmiz_producer_TTA_001.mp3"", ""TTA/songgen/Celia_Ergo_Phizmiz_songgen_TTA_001.mp3"", ""TTA/stableaudio/Celia_Ergo_Phizmiz_stableaudio_TTA_001.mp3"", ""TTA/suno/Celia_Ergo_Phizmiz_suno_TTA_001.mp3"", ""TTA/suno/Celia_Ergo_Phizmiz_suno_TTA_002.mp3"", ""TTA/udio/Celia_Ergo_Phizmiz_udio_TTA_001.mp3"", ""TTA/udio/Celia_Ergo_Phizmiz_udio_TTA_002.mp3""]","[""acestep"", ""audioldm"", ""brev"", ""diffrhythm"", ""elevenlabs"", ""mubert"", ""musicgen"", ""producer"", ""songgen"", ""stableaudio"", ""suno"", ""udio""]","[""Pop""]",14b0c76c6a691c42fadfab9fb6a4eb1ee8c628a2,metadata_complete,,unverified
22481,The Sandman - Ergo Phizmiz,129,fma:22481,fma_artist:129,exact,http://freemusicarchive.org/music/Ergo_Phizmiz/Live_in_Warsaw/10_The-Sandman,Attribution 3.0 United States,http://creativecommons.org/licenses/by/3.0/us/,Attribution 3.0 United States,The Sandman,Ergo Phizmiz,129,12/19/2009 03:57:54 PM,,6,"[""TTA/acestep/The_Sandman_Ergo_Phizmiz_acestep_TTA_001.mp3"", ""TTA/audioldm/The_Sandman_Ergo_Phizmiz_audioldm_TTA_001.mp3"", ""TTA/diffrhythm/The_Sandman_Ergo_Phizmiz_diffrhythm_TTA_001.mp3"", ""TTA/musicgen/The_Sandman_Ergo_Phizmiz_musicgen_TTA_001.wav"", ""TTA/songgen/The_Sandman_Ergo_Phizmiz_songgen_TTA_001.mp3"", ""TTA/stableaudio/The_Sandman_Ergo_Phizmiz_stableaudio_TTA_001.mp3""]","[""acestep"", ""audioldm"", ""diffrhythm"", ""musicgen"", ""songgen"", ""stableaudio""]","[""Pop""]",14b0c76c6a691c42fadfab9fb6a4eb1ee8c628a2,metadata_complete,,unverified
39607,Unexpected Little Happenings - UltraCat,9403,fma:39607,fma_artist:9403,exact,http://freemusicarchive.org/music/UltraCat/Disco_High/ultracat_-_03_-_unexpected_little_happenings,Creative Commons Attribution,http://creativecommons.org/licenses/by/3.0/,Creative Commons Attribution,Unexpected Little Happenings,UltraCat,9403,11/23/2010 02:58:44 PM,,5,"[""TTA/acestep/Unexpected_Little_Happenings_UltraCat_acestep_TTA_001.mp3"", ""TTA/audioldm/Unexpected_Little_Happenings_UltraCat_audioldm_TTA_001.mp3"", ""TTA/diffrhythm/Unexpected_Little_Happenings_UltraCat_diffrhythm_TTA_001.mp3"", ""TTA/musicgen/Unexpected_Little_Happenings_UltraCat_musicgen_TTA_001.wav"", ""TTA/songgen/Unexpected_Little_Happenings_UltraCat_songgen_TTA_001.mp3""]","[""acestep"", ""audioldm"", ""diffrhythm"", ""musicgen"", ""songgen""]","[""Electronic""]",14b0c76c6a691c42fadfab9fb6a4eb1ee8c628a2,metadata_complete,,unverified
42372,Only Instrumental - Broke For Free,9067,fma:42372,fma_artist:9067,exact,http://freemusicarchive.org/music/Broke_For_Free/Directionless_EP/Broke_For_Free_-_Directionless_EP_-_06_Only_Instrumental,Creative Commons Attribution,http://creativecommons.org/licenses/by/3.0/,Creative Commons Attribution,Only Instrumental,Broke For Free,9067,1/18/2011 08:05:14 AM,,16,"[""TTA/acestep/Only_Instrumental_Broke_For_Free_acestep_TTA_001.mp3"", ""TTA/audioldm/Only_Instrumental_Broke_For_Free_audioldm_TTA_001.mp3"", ""TTA/brev/Only_Instrumental_Broke_For_Free_brev_TTA_001.mp3"", ""TTA/brev/Only_Instrumental_Broke_For_Free_brev_TTA_002.mp3"", ""TTA/diffrhythm/Only_Instrumental_Broke_For_Free_diffrhythm_TTA_001.mp3"", ""TTA/elevenlabs/Only_Instrumental_Broke_For_Free_elevenlabs_TTA_001.mp3"", ""TTA/elevenlabs/Only_Instrumental_Broke_For_Free_elevenlabs_TTA_002.mp3"", ""TTA/mubert/Only_Instrumental_Broke_For_Free_mubert_TTA_001.mp3"", ""TTA/musicgen/Only_Instrumental_Broke_For_Free_musicgen_TTA_001.wav"", ""TTA/producer/Only_Instrumental_Broke_For_Free_producer_TTA_001.mp3"", ""TTA/songgen/Only_Instrumental_Broke_For_Free_songgen_TTA_001.mp3"", ""TTA/stableaudio/Only_Instrumental_Broke_For_Free_stableaudio_TTA_001.mp3"", ""TTA/suno/Only_Instrumental_Broke_For_Free_suno_TTA_001.mp3"", ""TTA/suno/Only_Instrumental_Broke_For_Free_suno_TTA_002.mp3"", ""TTA/udio/Only_Instrumental_Broke_For_Free_udio_TTA_001.mp3"", ""TTA/udio/Only_Instrumental_Broke_For_Free_udio_TTA_002.mp3""]","[""acestep"", ""audioldm"", ""brev"", ""diffrhythm"", ""elevenlabs"", ""mubert"", ""musicgen"", ""producer"", ""songgen"", ""stableaudio"", ""suno"", ""udio""]","[""Electronic""]",14b0c76c6a691c42fadfab9fb6a4eb1ee8c628a2,metadata_complete,,unverified
42377,Night Owl - Broke For Free,9067,fma:42377,fma_artist:9067,exact,http://freemusicarchive.org/music/Broke_For_Free/Directionless_EP/Broke_For_Free_-_Directionless_EP_-_01_Night_Owl,Creative Commons Attribution,http://creativecommons.org/licenses/by/3.0/,Creative Commons Attribution,Night Owl,Broke For Free,9067,1/18/2011 12:05:20 PM,,16,"[""TTA/acestep/Night_Owl_Broke_For_Free_acestep_TTA_001.mp3"", ""TTA/audioldm/Night_Owl_Broke_For_Free_audioldm_TTA_001.mp3"", ""TTA/brev/Night_Owl_Broke_For_Free_brev_TTA_001.mp3"", ""TTA/brev/Night_Owl_Broke_For_Free_brev_TTA_002.mp3"", ""TTA/diffrhythm/Night_Owl_Broke_For_Free_diffrhythm_TTA_001.mp3"", ""TTA/elevenlabs/Night_Owl_Broke_For_Free_elevenlabs_TTA_001.mp3"", ""TTA/elevenlabs/Night_Owl_Broke_For_Free_elevenlabs_TTA_002.mp3"", ""TTA/mubert/Night_Owl_Broke_For_Free_mubert_TTA_001.mp3"", ""TTA/musicgen/Night_Owl_Broke_For_Free_musicgen_TTA_001.wav"", ""TTA/producer/Night_Owl_Broke_For_Free_producer_TTA_001.mp3"", ""TTA/songgen/Night_Owl_Broke_For_Free_songgen_TTA_001.mp3"", ""TTA/stableaudio/Night_Owl_Broke_For_Free_stableaudio_TTA_001.mp3"", ""TTA/suno/Night_Owl_Broke_For_Free_suno_TTA_001.mp3"", ""TTA/suno/Night_Owl_Broke_For_Free_suno_TTA_002.mp3"", ""TTA/udio/Night_Owl_Broke_For_Free_udio_TTA_001.mp3"", ""TTA/udio/Night_Owl_Broke_For_Free_udio_TTA_002.mp3""]","[""acestep"", ""audioldm"", ""brev"", ""diffrhythm"", ""elevenlabs"", ""mubert"", ""musicgen"", ""producer"", ""songgen"", ""stableaudio"", ""suno"", ""udio""]","[""Electronic""]",14b0c76c6a691c42fadfab9fb6a4eb1ee8c628a2,metadata_complete,,unverified
45101,Straw Fields - Rolemusic,10397,fma:45101,fma_artist:10397,exact,http://freemusicarchive.org/music/Rolemusic/Straw_Fields/03_rolemusic_-_straw_fields,Attribution,http://creativecommons.org/licenses/by/4.0/,Attribution,Straw Fields,Rolemusic,10397,3/08/2011 08:45:55 AM,,16,"[""TTA/acestep/Straw_Fields_Rolemusic_acestep_TTA_001.mp3"", ""TTA/audioldm/Straw_Fields_Rolemusic_audioldm_TTA_001.mp3"", ""TTA/brev/Straw_Fields_Rolemusic_brev_TTA_001.mp3"", ""TTA/brev/Straw_Fields_Rolemusic_brev_TTA_002.mp3"", ""TTA/diffrhythm/Straw_Fields_Rolemusic_diffrhythm_TTA_001.mp3"", ""TTA/elevenlabs/Straw_Fields_Rolemusic_elevenlabs_TTA_001.mp3"", ""TTA/elevenlabs/Straw_Fields_Rolemusic_elevenlabs_TTA_002.mp3"", ""TTA/mubert/Straw_Fields_Rolemusic_mubert_TTA_001.mp3"", ""TTA/musicgen/Straw_Fields_Rolemusic_musicgen_TTA_001.wav"", ""TTA/producer/Straw_Fields_Rolemusic_producer_TTA_001.mp3"", ""TTA/songgen/Straw_Fields_Rolemusic_songgen_TTA_001.mp3"", ""TTA/stableaudio/Straw_Fields_Rolemusic_stableaudio_TTA_001.mp3"", ""TTA/suno/Straw_Fields_Rolemusic_suno_TTA_001.mp3"", ""TTA/suno/Straw_Fields_Rolemusic_suno_TTA_002.mp3"", ""TTA/udio/Straw_Fields_Rolemusic_udio_TTA_001.mp3"", ""TTA/udio/Straw_Fields_Rolemusic_udio_TTA_002.mp3""]","[""acestep"", ""audioldm"", ""brev"", ""diffrhythm"", ""elevenlabs"", ""mubert"", ""musicgen"", ""producer"", ""songgen"", ""stableaudio"", ""suno"", ""udio""]","[""Electronic""]",14b0c76c6a691c42fadfab9fb6a4eb1ee8c628a2,metadata_complete,,unverified
47071,All of Us - Eric Skiff,10779,fma:47071,fma_artist:10779,exact,http://freemusicarchive.org/music/Eric_Skiff/Resistor_Anthems/eric_skiff_-_04_-_all_of_us,Creative Commons Attribution,http://creativecommons.org/licenses/by/3.0/,Creative Commons Attribution,All of Us,Eric Skiff,10779,4/19/2011 03:11:07 PM,,16,"[""TTA/acestep/All_of_Us_Eric_Skiff_acestep_TTA_001.mp3"", ""TTA/audioldm/All_of_Us_Eric_Skiff_audioldm_TTA_001.mp3"", ""TTA/brev/All_of_Us_Eric_Skiff_brev_TTA_001.mp3"", ""TTA/brev/All_of_Us_Eric_Skiff_brev_TTA_002.mp3"", ""TTA/diffrhythm/All_of_Us_Eric_Skiff_diffrhythm_TTA_001.mp3"", ""TTA/elevenlabs/All_of_Us_Eric_Skiff_elevenlabs_TTA_001.mp3"", ""TTA/elevenlabs/All_of_Us_Eric_Skiff_elevenlabs_TTA_002.mp3"", ""TTA/mubert/All_of_Us_Eric_Skiff_mubert_TTA_001.mp3"", ""TTA/musicgen/All_of_Us_Eric_Skiff_musicgen_TTA_001.wav"", ""TTA/producer/All_of_Us_Eric_Skiff_producer_TTA_001.mp3"", ""TTA/songgen/All_of_Us_Eric_Skiff_songgen_TTA_001.mp3"", ""TTA/stableaudio/All_of_Us_Eric_Skiff_stableaudio_TTA_001.mp3"", ""TTA/suno/All_of_Us_Eric_Skiff_suno_TTA_001.mp3"", ""TTA/suno/All_of_Us_Eric_Skiff_suno_TTA_002.mp3"", ""TTA/udio/All_of_Us_Eric_Skiff_udio_TTA_001.mp3"", ""TTA/udio/All_of_Us_Eric_Skiff_udio_TTA_002.mp3""]","[""acestep"", ""audioldm"", ""brev"", ""diffrhythm"", ""elevenlabs"", ""mubert"", ""musicgen"", ""producer"", ""songgen"", ""stableaudio"", ""suno"", ""udio""]","[""Electronic""]",14b0c76c6a691c42fadfab9fb6a4eb1ee8c628a2,metadata_complete,,unverified
52628,Vanishing Horizon - Jason Shaw,11679,fma:52628,fma_artist:11679,exact,http://freemusicarchive.org/music/Jason_Shaw/Audionautix_Tech_Urban_Dance/TU-VanishingHorizon,Attribution 3.0 United States,http://creativecommons.org/licenses/by/3.0/us/,Attribution 3.0 United States,Vanishing Horizon,Jason Shaw,11679,8/17/2011 02:49:32 PM,,16,"[""TTA/acestep/Vanishing_Horizon_Jason_Shaw_acestep_TTA_001.mp3"", ""TTA/audioldm/Vanishing_Horizon_Jason_Shaw_audioldm_TTA_001.mp3"", ""TTA/brev/Vanishing_Horizon_Jason_Shaw_brev_TTA_001.mp3"", ""TTA/brev/Vanishing_Horizon_Jason_Shaw_brev_TTA_002.mp3"", ""TTA/diffrhythm/Vanishing_Horizon_Jason_Shaw_diffrhythm_TTA_001.mp3"", ""TTA/elevenlabs/Vanishing_Horizon_Jason_Shaw_elevenlabs_TTA_001.mp3"", ""TTA/elevenlabs/Vanishing_Horizon_Jason_Shaw_elevenlabs_TTA_002.mp3"", ""TTA/mubert/Vanishing_Horizon_Jason_Shaw_mubert_TTA_001.mp3"", ""TTA/musicgen/Vanishing_Horizon_Jason_Shaw_musicgen_TTA_001.wav"", ""TTA/producer/Vanishing_Horizon_Jason_Shaw_producer_TTA_001.mp3"", ""TTA/songgen/Vanishing_Horizon_Jason_Shaw_songgen_TTA_001.mp3"", ""TTA/stableaudio/Vanishing_Horizon_Jason_Shaw_stableaudio_TTA_001.mp3"", ""TTA/suno/Vanishing_Horizon_Jason_Shaw_suno_TTA_001.mp3"", ""TTA/suno/Vanishing_Horizon_Jason_Shaw_suno_TTA_002.mp3"", ""TTA/udio/Vanishing_Horizon_Jason_Shaw_udio_TTA_001.mp3"", ""TTA/udio/Vanishing_Horizon_Jason_Shaw_udio_TTA_002.mp3""]","[""acestep"", ""audioldm"", ""brev"", ""diffrhythm"", ""elevenlabs"", ""mubert"", ""musicgen"", ""producer"", ""songgen"", ""stableaudio"", ""suno"", ""udio""]","[""Electronic""]",14b0c76c6a691c42fadfab9fb6a4eb1ee8c628a2,metadata_complete,,unverified
52649,The Big House - Jason Shaw,11679,fma:52649,fma_artist:11679,exact,http://freemusicarchive.org/music/Jason_Shaw/Audionautix_Tech_Urban_Dance/TU-TheBigHouse,Attribution 3.0 United States,http://creativecommons.org/licenses/by/3.0/us/,Attribution 3.0 United States,The Big House,Jason Shaw,11679,8/17/2011 02:49:54 PM,,16,"[""TTA/acestep/The_Big_House_Jason_Shaw_acestep_TTA_001.mp3"", ""TTA/audioldm/The_Big_House_Jason_Shaw_audioldm_TTA_001.mp3"", ""TTA/brev/The_Big_House_Jason_Shaw_brev_TTA_001.mp3"", ""TTA/brev/The_Big_House_Jason_Shaw_brev_TTA_002.mp3"", ""TTA/diffrhythm/The_Big_House_Jason_Shaw_diffrhythm_TTA_001.mp3"", ""TTA/elevenlabs/The_Big_House_Jason_Shaw_elevenlabs_TTA_001.mp3"", ""TTA/elevenlabs/The_Big_House_Jason_Shaw_elevenlabs_TTA_002.mp3"", ""TTA/mubert/The_Big_House_Jason_Shaw_mubert_TTA_001.mp3"", ""TTA/musicgen/The_Big_House_Jason_Shaw_musicgen_TTA_001.wav"", ""TTA/producer/The_Big_House_Jason_Shaw_producer_TTA_001.mp3"", ""TTA/songgen/The_Big_House_Jason_Shaw_songgen_TTA_001.mp3"", ""TTA/stableaudio/The_Big_House_Jason_Shaw_stableaudio_TTA_001.mp3"", ""TTA/suno/The_Big_House_Jason_Shaw_suno_TTA_001.mp3"", ""TTA/suno/The_Big_House_Jason_Shaw_suno_TTA_002.mp3"", ""TTA/udio/The_Big_House_Jason_Shaw_udio_TTA_001.mp3"", ""TTA/udio/The_Big_House_Jason_Shaw_udio_TTA_002.mp3""]","[""acestep"", ""audioldm"", ""brev"", ""diffrhythm"", ""elevenlabs"", ""mubert"", ""musicgen"", ""producer"", ""songgen"", ""stableaudio"", ""suno"", ""udio""]","[""Electronic""]",14b0c76c6a691c42fadfab9fb6a4eb1ee8c628a2,metadata_complete,,unverified
52650,Timen Passing By - Jason Shaw,11679,fma:52650,fma_artist:11679,exact,http://freemusicarchive.org/music/Jason_Shaw/Audionautix_Tech_Urban_Dance/TU-TimePassingBy,Attribution 3.0 United States,http://creativecommons.org/licenses/by/3.0/us/,Attribution 3.0 United States,Timen Passing By,Jason Shaw,11679,8/17/2011 02:49:56 PM,,5,"[""TTA/acestep/Timen_Passing_By_Jason_Shaw_acestep_TTA_001.mp3"", ""TTA/audioldm/Timen_Passing_By_Jason_Shaw_audioldm_TTA_001.mp3"", ""TTA/diffrhythm/Timen_Passing_By_Jason_Shaw_diffrhythm_TTA_001.mp3"", ""TTA/musicgen/Timen_Passing_By_Jason_Shaw_musicgen_TTA_001.wav"", ""TTA/songgen/Timen_Passing_By_Jason_Shaw_songgen_TTA_001.mp3""]","[""acestep"", ""audioldm"", ""diffrhythm"", ""musicgen"", ""songgen""]","[""Electronic""]",14b0c76c6a691c42fadfab9fb6a4eb1ee8c628a2,metadata_complete,,unverified
61491,Burn - Room For A Ghost,13115,fma:61491,fma_artist:13115,exact,http://freemusicarchive.org/music/Room_For_A_Ghost/3_Song_EP/room_for_a_ghost_-__burn,Creative Commons Attribution,http://creativecommons.org/licenses/by/3.0/,Creative Commons Attribution,Burn,Room For A Ghost,13115,2/29/2012 09:25:48 AM,,6,"[""TTA/acestep/Burn_Room_For_A_Ghost_acestep_TTA_001.mp3"", ""TTA/audioldm/Burn_Room_For_A_Ghost_audioldm_TTA_001.mp3"", ""TTA/diffrhythm/Burn_Room_For_A_Ghost_diffrhythm_TTA_001.mp3"", ""TTA/musicgen/Burn_Room_For_A_Ghost_musicgen_TTA_001.wav"", ""TTA/songgen/Burn_Room_For_A_Ghost_songgen_TTA_001.mp3"", ""TTA/stableaudio/Burn_Room_For_A_Ghost_stableaudio_TTA_001.mp3""]","[""acestep"", ""audioldm"", ""diffrhythm"", ""musicgen"", ""songgen"", ""stableaudio""]","[""Rock""]",14b0c76c6a691c42fadfab9fb6a4eb1ee8c628a2,metadata_complete,,unverified
61493,Redlight - Room For A Ghost,13115,fma:61493,fma_artist:13115,exact,http://freemusicarchive.org/music/Room_For_A_Ghost/3_Song_EP/room_for_a_ghost_-__redlight,Creative Commons Attribution,http://creativecommons.org/licenses/by/3.0/,Creative Commons Attribution,Redlight,Room For A Ghost,13115,2/29/2012 02:25:49 PM,,6,"[""TTA/acestep/Redlight_Room_For_A_Ghost_acestep_TTA_001.mp3"", ""TTA/audioldm/Redlight_Room_For_A_Ghost_audioldm_TTA_001.mp3"", ""TTA/diffrhythm/Redlight_Room_For_A_Ghost_diffrhythm_TTA_001.mp3"", ""TTA/musicgen/Redlight_Room_For_A_Ghost_musicgen_TTA_001.wav"", ""TTA/songgen/Redlight_Room_For_A_Ghost_songgen_TTA_001.mp3"", ""TTA/stableaudio/Redlight_Room_For_A_Ghost_stableaudio_TTA_001.mp3""]","[""acestep"", ""audioldm"", ""diffrhythm"", ""musicgen"", ""songgen"", ""stableaudio""]","[""Rock""]",14b0c76c6a691c42fadfab9fb6a4eb1ee8c628a2,metadata_complete,,unverified
64331,Promo Mix Vocal Edit (Luv Dub Mix) - Pierlo,6104,fma:64331,fma_artist:6104,exact,http://freemusicarchive.org/music/Pierlo/Cant_Unfeel_the_Rhythm_EP_Commerciale_94_Megamix/Promo_Mix_Vocal_Edit_Luv_Dub_Mix,Creative Commons Attribution,http://creativecommons.org/licenses/by/3.0/,Creative Commons Attribution,Promo Mix Vocal Edit (Luv Dub Mix),Pierlo,6104,5/04/2012 04:47:16 AM,,5,"[""TTA/acestep/Promo_Mix_Vocal_Edit_Luv_Dub_Mix_Pierlo_acestep_TTA_001.mp3"", ""TTA/audioldm/Promo_Mix_Vocal_Edit_Luv_Dub_Mix_Pierlo_audioldm_TTA_001.mp3"", ""TTA/diffrhythm/Promo_Mix_Vocal_Edit_Luv_Dub_Mix_Pierlo_diffrhythm_TTA_001.mp3"", ""TTA/musicgen/Promo_Mix_Vocal_Edit_Luv_Dub_Mix_Pierlo_musicgen_TTA_001.wav"", ""TTA/songgen/Promo_Mix_Vocal_Edit_Luv_Dub_Mix_Pierlo_songgen_TTA_001.mp3""]","[""acestep"", ""audioldm"", ""diffrhythm"", ""musicgen"", ""songgen""]","[""Electronic""]",14b0c76c6a691c42fadfab9fb6a4eb1ee8c628a2,metadata_complete,,unverified
71506,Cloudy - Subway Sonicbeat,15501,fma:71506,fma_artist:15501,exact,http://freemusicarchive.org/music/Subway_Sonicbeat/Monorave_Compo/HEXAWE_-_MONORAVE_compo_-_11_Cloudy_by_Subway_Sonicbeat,Creative Commons Attribution,http://creativecommons.org/licenses/by/3.0/,Creative Commons Attribution,Cloudy,Subway Sonicbeat,15501,10/19/2012 05:37:20 PM,,5,"[""TTA/acestep/Cloudy_Subway_Sonicbeat_acestep_TTA_001.mp3"", ""TTA/audioldm/Cloudy_Subway_Sonicbeat_audioldm_TTA_001.mp3"", ""TTA/diffrhythm/Cloudy_Subway_Sonicbeat_diffrhythm_TTA_001.mp3"", ""TTA/musicgen/Cloudy_Subway_Sonicbeat_musicgen_TTA_001.wav"", ""TTA/songgen/Cloudy_Subway_Sonicbeat_songgen_TTA_001.mp3""]","[""acestep"", ""audioldm"", ""diffrhythm"", ""musicgen"", ""songgen""]","[""Electronic""]",14b0c76c6a691c42fadfab9fb6a4eb1ee8c628a2,metadata_complete,,unverified
71512,Noam Chomsky's Corporate Carbohydrate Surprise - Quelle Fromage,15496,fma:71512,fma_artist:15496,exact,http://freemusicarchive.org/music/Quelle_Fromage/Monorave_Compo/HEXAWE_-_MONORAVE_compo_-_05_Noam_Chomskys_Corporate_Carbohydrate_Surprise_by_Quelle_Fromage,Creative Commons Attribution,http://creativecommons.org/licenses/by/3.0/,Creative Commons Attribution,Noam Chomsky's Corporate Carbohydrate Surprise,Quelle Fromage,15496,10/19/2012 05:37:24 PM,,16,"[""TTA/acestep/Noam_Chomskys_Corporate_Carbohydrate_Surprise_Quelle_Fromage_acestep_TTA_001.mp3"", ""TTA/audioldm/Noam_Chomskys_Corporate_Carbohydrate_Surprise_Quelle_Fromage_audioldm_TTA_001.mp3"", ""TTA/brev/Noam_Chomskys_Corporate_Carbohydrate_Surprise_Quelle_Fromage_brev_TTA_001.mp3"", ""TTA/brev/Noam_Chomskys_Corporate_Carbohydrate_Surprise_Quelle_Fromage_brev_TTA_002.mp3"", ""TTA/diffrhythm/Noam_Chomskys_Corporate_Carbohydrate_Surprise_Quelle_Fromage_diffrhythm_TTA_001.mp3"", ""TTA/elevenlabs/Noam_Chomskys_Corporate_Carbohydrate_Surprise_Quelle_Fromage_elevenlabs_TTA_001.mp3"", ""TTA/elevenlabs/Noam_Chomskys_Corporate_Carbohydrate_Surprise_Quelle_Fromage_elevenlabs_TTA_002.mp3"", ""TTA/mubert/Noam_Chomskys_Corporate_Carbohydrate_Surprise_Quelle_Fromage_mubert_TTA_001.mp3"", ""TTA/musicgen/Noam_Chomskys_Corporate_Carbohydrate_Surprise_Quelle_Fromage_musicgen_TTA_001.wav"", ""TTA/producer/Noam_Chomskys_Corporate_Carbohydrate_Surprise_Quelle_Fromage_producer_TTA_001.mp3"", ""TTA/songgen/Noam_Chomskys_Corporate_Carbohydrate_Surprise_Quelle_Fromage_songgen_TTA_001.mp3"", ""TTA/stableaudio/Noam_Chomskys_Corporate_Carbohydrate_Surprise_Quelle_Fromage_stableaudio_TTA_001.mp3"", ""TTA/suno/Noam_Chomskys_Corporate_Carbohydrate_Surprise_Quelle_Fromage_suno_TTA_001.mp3"", ""TTA/suno/Noam_Chomskys_Corporate_Carbohydrate_Surprise_Quelle_Fromage_suno_TTA_002.mp3"", ""TTA/udio/Noam_Chomskys_Corporate_Carbohydrate_Surprise_Quelle_Fromage_udio_TTA_001.mp3"", ""TTA/udio/Noam_Chomskys_Corporate_Carbohydrate_Surprise_Quelle_Fromage_udio_TTA_002.mp3""]","[""acestep"", ""audioldm"", ""brev"", ""diffrhythm"", ""elevenlabs"", ""mubert"", ""musicgen"", ""producer"", ""songgen"", ""stableaudio"", ""suno"", ""udio""]","[""Electronic""]",14b0c76c6a691c42fadfab9fb6a4eb1ee8c628a2,metadata_complete,,unverified
72070,Variations - Decktonic,14670,fma:72070,fma_artist:14670,exact,http://freemusicarchive.org/music/Decktonic/Stars/Decktonic_-_Stars_-_04_Variations,Attribution,http://creativecommons.org/licenses/by/4.0/,Attribution,Variations,Decktonic,14670,10/29/2012 08:05:44 PM,,2,"[""TTA/audioldm/Variations_Decktonic_audioldm_TTA_001.mp3"", ""TTA/musicgen/Variations_Decktonic_musicgen_TTA_001.wav""]","[""audioldm"", ""musicgen""]","[""Electronic""]",14b0c76c6a691c42fadfab9fb6a4eb1ee8c628a2,metadata_complete,,unverified
72073,Z-Saber (feat Jake Allison) - Decktonic,14670,fma:72073,fma_artist:14670,exact,http://freemusicarchive.org/music/Decktonic/Stars/Decktonic_-_Stars_-_07_Z-Saber_feat_Jake_Allison,Attribution,http://creativecommons.org/licenses/by/4.0/,Attribution,Z-Saber (feat Jake Allison),Decktonic,14670,10/29/2012 08:05:48 PM,,4,"[""TTA/acestep/Z-Saber_feat_Jake_Allison_Decktonic_acestep_TTA_001.mp3"", ""TTA/audioldm/Z-Saber_feat_Jake_Allison_Decktonic_audioldm_TTA_001.mp3"", ""TTA/musicgen/ZSaber_feat_Jake_Allison_Decktonic_musicgen_TTA_001.wav"", ""TTA/songgen/Z-Saber_feat_Jake_Allison_Decktonic_songgen_TTA_001.mp3""]","[""acestep"", ""audioldm"", ""musicgen"", ""songgen""]","[""Electronic""]",14b0c76c6a691c42fadfab9fb6a4eb1ee8c628a2,metadata_complete,,unverified
72075,Night Drive - Decktonic,14670,fma:72075,fma_artist:14670,exact,http://freemusicarchive.org/music/Decktonic/Stars/Decktonic_-_Stars_-_09_Night_Drive,Attribution,http://creativecommons.org/licenses/by/4.0/,Attribution,Night Drive,Decktonic,14670,10/29/2012 08:05:49 PM,,16,"[""TTA/acestep/Night_Drive_Decktonic_acestep_TTA_001.mp3"", ""TTA/audioldm/Night_Drive_Decktonic_audioldm_TTA_001.mp3"", ""TTA/brev/Night_Drive_Decktonic_brev_TTA_001.mp3"", ""TTA/brev/Night_Drive_Decktonic_brev_TTA_002.mp3"", ""TTA/diffrhythm/Night_Drive_Decktonic_diffrhythm_TTA_001.mp3"", ""TTA/elevenlabs/Night_Drive_Decktonic_elevenlabs_TTA_001.mp3"", ""TTA/elevenlabs/Night_Drive_Decktonic_elevenlabs_TTA_002.mp3"", ""TTA/mubert/Night_Drive_Decktonic_mubert_TTA_001.mp3"", ""TTA/musicgen/Night_Drive_Decktonic_musicgen_TTA_001.wav"", ""TTA/producer/Night_Drive_Decktonic_producer_TTA_001.mp3"", ""TTA/songgen/Night_Drive_Decktonic_songgen_TTA_001.mp3"", ""TTA/stableaudio/Night_Drive_Decktonic_stableaudio_TTA_001.mp3"", ""TTA/suno/Night_Drive_Decktonic_suno_TTA_001.mp3"", ""TTA/suno/Night_Drive_Decktonic_suno_TTA_002.mp3"", ""TTA/udio/Night_Drive_Decktonic_udio_TTA_001.mp3"", ""TTA/udio/Night_Drive_Decktonic_udio_TTA_002.mp3""]","[""acestep"", ""audioldm"", ""brev"", ""diffrhythm"", ""elevenlabs"", ""mubert"", ""musicgen"", ""producer"", ""songgen"", ""stableaudio"", ""suno"", ""udio""]","[""Electronic""]",14b0c76c6a691c42fadfab9fb6a4eb1ee8c628a2,metadata_complete,,unverified
75787,Niche Dreams - Square People,15310,fma:75787,fma_artist:15310,exact,http://freemusicarchive.org/music/Square_People/Mysteries_and_Secrets_Unzipped_Soundtrack/Square_People_-_Mysteries_and_Secrets_Unzipped-_Soundtrack_-_06_Niche_Dreams1,Attribution 3.0 International,http://creativecommons.org/licenses/by/3.0/,Attribution 3.0 International,Niche Dreams,Square People,15310,1/10/2013 05:52:56 PM,,5,"[""TTA/acestep/Niche_Dreams_Square_People_acestep_TTA_001.mp3"", ""TTA/audioldm/Niche_Dreams_Square_People_audioldm_TTA_001.mp3"", ""TTA/diffrhythm/Niche_Dreams_Square_People_diffrhythm_TTA_001.mp3"", ""TTA/musicgen/Niche_Dreams_Square_People_musicgen_TTA_001.wav"", ""TTA/songgen/Niche_Dreams_Square_People_songgen_TTA_001.mp3""]","[""acestep"", ""audioldm"", ""diffrhythm"", ""musicgen"", ""songgen""]","[""Rock""]",14b0c76c6a691c42fadfab9fb6a4eb1ee8c628a2,metadata_complete,,unverified
86634,We Are Canucks - David Blair,16630,fma:86634,fma_artist:16630,exact,http://freemusicarchive.org/music/David_Blair/Stay_In_Touch/David_Blair_-_We_Are_Canucks,Creative Commons Attribution,http://creativecommons.org/licenses/by/3.0/,Creative Commons Attribution,We Are Canucks,David Blair,16630,7/04/2013 01:11:12 PM,,16,"[""TTA/acestep/We_Are_Canucks_David_Blair_acestep_TTA_001.mp3"", ""TTA/audioldm/We_Are_Canucks_David_Blair_audioldm_TTA_001.mp3"", ""TTA/brev/We_Are_Canucks_David_Blair_brev_TTA_001.mp3"", ""TTA/brev/We_Are_Canucks_David_Blair_brev_TTA_002.mp3"", ""TTA/diffrhythm/We_Are_Canucks_David_Blair_diffrhythm_TTA_001.mp3"", ""TTA/elevenlabs/We_Are_Canucks_David_Blair_elevenlabs_TTA_001.mp3"", ""TTA/elevenlabs/We_Are_Canucks_David_Blair_elevenlabs_TTA_002.mp3"", ""TTA/mubert/We_Are_Canucks_David_Blair_mubert_TTA_001.mp3"", ""TTA/musicgen/We_Are_Canucks_David_Blair_musicgen_TTA_001.wav"", ""TTA/producer/We_Are_Canucks_David_Blair_producer_TTA_001.mp3"", ""TTA/songgen/We_Are_Canucks_David_Blair_songgen_TTA_001.mp3"", ""TTA/stableaudio/We_Are_Canucks_David_Blair_stableaudio_TTA_001.mp3"", ""TTA/suno/We_Are_Canucks_David_Blair_suno_TTA_001.mp3"", ""TTA/suno/We_Are_Canucks_David_Blair_suno_TTA_002.mp3"", ""TTA/udio/We_Are_Canucks_David_Blair_udio_TTA_001.mp3"", ""TTA/udio/We_Are_Canucks_David_Blair_udio_TTA_002.mp3""]","[""acestep"", ""audioldm"", ""brev"", ""diffrhythm"", ""elevenlabs"", ""mubert"", ""musicgen"", ""producer"", ""songgen"", ""stableaudio"", ""suno"", ""udio""]","[""Pop""]",14b0c76c6a691c42fadfab9fb6a4eb1ee8c628a2,metadata_complete,,unverified
89814,Dreams - ENDRUDARK,16893,fma:89814,fma_artist:16893,exact,http://freemusicarchive.org/music/ENDRUDARK/Dreams/01_-_Dreams,Creative Commons Attribution,http://creativecommons.org/licenses/by/3.0/,Creative Commons Attribution,Dreams,ENDRUDARK,16893,8/28/2013 03:10:09 PM,,5,"[""TTA/acestep/Dreams_ENDRUDARK_acestep_TTA_001.mp3"", ""TTA/audioldm/Dreams_ENDRUDARK_audioldm_TTA_001.mp3"", ""TTA/diffrhythm/Dreams_ENDRUDARK_diffrhythm_TTA_001.mp3"", ""TTA/musicgen/Dreams_ENDRUDARK_musicgen_TTA_001.wav"", ""TTA/songgen/Dreams_ENDRUDARK_songgen_TTA_001.mp3""]","[""acestep"", ""audioldm"", ""diffrhythm"", ""musicgen"", ""songgen""]","[""Electronic""]",14b0c76c6a691c42fadfab9fb6a4eb1ee8c628a2,metadata_complete,,unverified
89816,Time Up - ENDRUDARK,16893,fma:89816,fma_artist:16893,exact,http://freemusicarchive.org/music/ENDRUDARK/Dreams/03_-_Time_Up,Creative Commons Attribution,http://creativecommons.org/licenses/by/3.0/,Creative Commons Attribution,Time Up,ENDRUDARK,16893,8/28/2013 03:10:10 PM,,5,"[""TTA/acestep/Time_Up_ENDRUDARK_acestep_TTA_001.mp3"", ""TTA/audioldm/Time_Up_ENDRUDARK_audioldm_TTA_001.mp3"", ""TTA/diffrhythm/Time_Up_ENDRUDARK_diffrhythm_TTA_001.mp3"", ""TTA/musicgen/Time_Up_ENDRUDARK_musicgen_TTA_001.wav"", ""TTA/songgen/Time_Up_ENDRUDARK_songgen_TTA_001.mp3""]","[""acestep"", ""audioldm"", ""diffrhythm"", ""musicgen"", ""songgen""]","[""Electronic""]",14b0c76c6a691c42fadfab9fb6a4eb1ee8c628a2,metadata_complete,,unverified
91157,The Cave of Time - Monroeville Music Center,13391,fma:91157,fma_artist:13391,exact,http://freemusicarchive.org/music/Monroeville_Music_Center/Choose_Your_Own_Adventure/The_Cave_of_Time,Creative Commons Attribution,http://creativecommons.org/licenses/by/3.0/,Creative Commons Attribution,The Cave of Time,Monroeville Music Center,13391,9/23/2013 03:03:34 PM,,15,"[""TTA/acestep/The_Cave_of_Time_Monroeville_Music_Center_acestep_TTA_001.mp3"", ""TTA/brev/The_Cave_of_Time_Monroeville_Music_Center_brev_TTA_001.mp3"", ""TTA/brev/The_Cave_of_Time_Monroeville_Music_Center_brev_TTA_002.mp3"", ""TTA/diffrhythm/The_Cave_of_Time_Monroeville_Music_Center_diffrhythm_TTA_001.mp3"", ""TTA/elevenlabs/The_Cave_of_Time_Monroeville_Music_Center_elevenlabs_TTA_001.mp3"", ""TTA/elevenlabs/The_Cave_of_Time_Monroeville_Music_Center_elevenlabs_TTA_002.mp3"", ""TTA/mubert/The_Cave_of_Time_Monroeville_Music_Center_mubert_TTA_001.mp3"", ""TTA/musicgen/The_Cave_of_Time_Monroeville_Music_Center_musicgen_TTA_001.wav"", ""TTA/producer/The_Cave_of_Time_Monroeville_Music_Center_producer_TTA_001.mp3"", ""TTA/songgen/The_Cave_of_Time_Monroeville_Music_Center_songgen_TTA_001.mp3"", ""TTA/stableaudio/The_Cave_of_Time_Monroeville_Music_Center_stableaudio_TTA_001.mp3"", ""TTA/suno/The_Cave_of_Time_Monroeville_Music_Center_suno_TTA_001.mp3"", ""TTA/suno/The_Cave_of_Time_Monroeville_Music_Center_suno_TTA_002.mp3"", ""TTA/udio/The_Cave_of_Time_Monroeville_Music_Center_udio_TTA_001.mp3"", ""TTA/udio/The_Cave_of_Time_Monroeville_Music_Center_udio_TTA_002.mp3""]","[""acestep"", ""brev"", ""diffrhythm"", ""elevenlabs"", ""mubert"", ""musicgen"", ""producer"", ""songgen"", ""stableaudio"", ""suno"", ""udio""]","[""Pop""]",14b0c76c6a691c42fadfab9fb6a4eb1ee8c628a2,metadata_complete,,unverified
91159,The Race Forever - Monroeville Music Center,13391,fma:91159,fma_artist:13391,exact,http://freemusicarchive.org/music/Monroeville_Music_Center/Choose_Your_Own_Adventure/The_Race_Forever,Creative Commons Attribution,http://creativecommons.org/licenses/by/3.0/,Creative Commons Attribution,The Race Forever,Monroeville Music Center,13391,9/23/2013 03:03:43 PM,,16,"[""TTA/acestep/The_Race_Forever_Monroeville_Music_Center_acestep_TTA_001.mp3"", ""TTA/audioldm/The_Race_Forever_Monroeville_Music_Center_audioldm_TTA_001.mp3"", ""TTA/brev/The_Race_Forever_Monroeville_Music_Center_brev_TTA_001.mp3"", ""TTA/brev/The_Race_Forever_Monroeville_Music_Center_brev_TTA_002.mp3"", ""TTA/diffrhythm/The_Race_Forever_Monroeville_Music_Center_diffrhythm_TTA_001.mp3"", ""TTA/elevenlabs/The_Race_Forever_Monroeville_Music_Center_elevenlabs_TTA_001.mp3"", ""TTA/elevenlabs/The_Race_Forever_Monroeville_Music_Center_elevenlabs_TTA_002.mp3"", ""TTA/mubert/The_Race_Forever_Monroeville_Music_Center_mubert_TTA_001.mp3"", ""TTA/musicgen/The_Race_Forever_Monroeville_Music_Center_musicgen_TTA_001.wav"", ""TTA/producer/The_Race_Forever_Monroeville_Music_Center_producer_TTA_001.mp3"", ""TTA/songgen/The_Race_Forever_Monroeville_Music_Center_songgen_TTA_001.mp3"", ""TTA/stableaudio/The_Race_Forever_Monroeville_Music_Center_stableaudio_TTA_001.mp3"", ""TTA/suno/The_Race_Forever_Monroeville_Music_Center_suno_TTA_001.mp3"", ""TTA/suno/The_Race_Forever_Monroeville_Music_Center_suno_TTA_002.mp3"", ""TTA/udio/The_Race_Forever_Monroeville_Music_Center_udio_TTA_001.mp3"", ""TTA/udio/The_Race_Forever_Monroeville_Music_Center_udio_TTA_002.mp3""]","[""acestep"", ""audioldm"", ""brev"", ""diffrhythm"", ""elevenlabs"", ""mubert"", ""musicgen"", ""producer"", ""songgen"", ""stableaudio"", ""suno"", ""udio""]","[""Pop""]",14b0c76c6a691c42fadfab9fb6a4eb1ee8c628a2,metadata_complete,,unverified
91160,Invaders From Within - Monroeville Music Center,13391,fma:91160,fma_artist:13391,exact,http://freemusicarchive.org/music/Monroeville_Music_Center/Choose_Your_Own_Adventure/Invaders_From_Within,Creative Commons Attribution,http://creativecommons.org/licenses/by/3.0/,Creative Commons Attribution,Invaders From Within,Monroeville Music Center,13391,9/23/2013 03:03:49 PM,,16,"[""TTA/acestep/Invaders_From_Within_Monroeville_Music_Center_acestep_TTA_001.mp3"", ""TTA/audioldm/Invaders_From_Within_Monroeville_Music_Center_audioldm_TTA_001.mp3"", ""TTA/brev/Invaders_From_Within_Monroeville_Music_Center_brev_TTA_001.mp3"", ""TTA/brev/Invaders_From_Within_Monroeville_Music_Center_brev_TTA_002.mp3"", ""TTA/diffrhythm/Invaders_From_Within_Monroeville_Music_Center_diffrhythm_TTA_001.mp3"", ""TTA/elevenlabs/Invaders_From_Within_Monroeville_Music_Center_elevenlabs_TTA_001.mp3"", ""TTA/elevenlabs/Invaders_From_Within_Monroeville_Music_Center_elevenlabs_TTA_002.mp3"", ""TTA/mubert/Invaders_From_Within_Monroeville_Music_Center_mubert_TTA_001.mp3"", ""TTA/musicgen/Invaders_From_Within_Monroeville_Music_Center_musicgen_TTA_001.wav"", ""TTA/producer/Invaders_From_Within_Monroeville_Music_Center_producer_TTA_001.mp3"", ""TTA/songgen/Invaders_From_Within_Monroeville_Music_Center_songgen_TTA_001.mp3"", ""TTA/stableaudio/Invaders_From_Within_Monroeville_Music_Center_stableaudio_TTA_001.mp3"", ""TTA/suno/Invaders_From_Within_Monroeville_Music_Center_suno_TTA_001.mp3"", ""TTA/suno/Invaders_From_Within_Monroeville_Music_Center_suno_TTA_002.mp3"", ""TTA/udio/Invaders_From_Within_Monroeville_Music_Center_udio_TTA_001.mp3"", ""TTA/udio/Invaders_From_Within_Monroeville_Music_Center_udio_TTA_002.mp3""]","[""acestep"", ""audioldm"", ""brev"", ""diffrhythm"", ""elevenlabs"", ""mubert"", ""musicgen"", ""producer"", ""songgen"", ""stableaudio"", ""suno"", ""udio""]","[""Pop""]",14b0c76c6a691c42fadfab9fb6a4eb1ee8c628a2,metadata_complete,,unverified
91161,The Reality Machine - Monroeville Music Center,13391,fma:91161,fma_artist:13391,exact,http://freemusicarchive.org/music/Monroeville_Music_Center/Choose_Your_Own_Adventure/The_Reality_Machine,Creative Commons Attribution,http://creativecommons.org/licenses/by/3.0/,Creative Commons Attribution,The Reality Machine,Monroeville Music Center,13391,9/23/2013 03:03:50 PM,,17,"[""TTA/acestep/The_Reality_Machine_Monroeville_Music_Center_acestep_TTA_001.mp3"", ""TTA/audioldm/The_Reality_Machine_Monroeville_Music_Center_audioldm_TTA_001.mp3"", ""TTA/brev/The_Reality_Machine_Monroeville_Music_Center_brev_TTA_001.mp3"", ""TTA/brev/The_Reality_Machine_Monroeville_Music_Center_brev_TTA_002.mp3"", ""TTA/diffrhythm/The_Reality_Machine_Monroeville_Music_Center_diffrhythm_TTA_001.mp3"", ""TTA/elevenlabs/The_Reality_Machine_Monroeville_Music_Center_elevenlabs_TTA_001.mp3"", ""TTA/elevenlabs/The_Reality_Machine_Monroeville_Music_Center_elevenlabs_TTA_002.mp3"", ""TTA/mubert/The_Reality_Machine_Monroeville_Music_Center_mubert_TTA_001.mp3"", ""TTA/musicgen/The_Reality_Machine_Monroeville_Music_Center_musicgen_TTA_001.wav"", ""TTA/producer/The_Reality_Machine_Monroeville_Music_Center_producer_TTA_001.mp3"", ""TTA/songgen/The_Reality_Machine_Monroeville_Music_Center_songgen_TTA_001.mp3"", ""TTA/stableaudio/The_Reality_Machine_Monroeville_Music_Center_stableaudio_TTA_001.mp3"", ""TTA/stableaudio/The_Reality_Machine_Monroeville_Music_Center_stableaudio_TTA_002.mp3"", ""TTA/suno/The_Reality_Machine_Monroeville_Music_Center_suno_TTA_001.mp3"", ""TTA/suno/The_Reality_Machine_Monroeville_Music_Center_suno_TTA_002.mp3"", ""TTA/udio/The_Reality_Machine_Monroeville_Music_Center_udio_TTA_001.mp3"", ""TTA/udio/The_Reality_Machine_Monroeville_Music_Center_udio_TTA_002.mp3""]","[""acestep"", ""audioldm"", ""brev"", ""diffrhythm"", ""elevenlabs"", ""mubert"", ""musicgen"", ""producer"", ""songgen"", ""stableaudio"", ""suno"", ""udio""]","[""Pop""]",14b0c76c6a691c42fadfab9fb6a4eb1ee8c628a2,metadata_complete,,unverified
91162,Motocross Mania - Monroeville Music Center,13391,fma:91162,fma_artist:13391,exact,http://freemusicarchive.org/music/Monroeville_Music_Center/Choose_Your_Own_Adventure/Motocross_Mania,Creative Commons Attribution,http://creativecommons.org/licenses/by/3.0/,Creative Commons Attribution,Motocross Mania,Monroeville Music Center,13391,9/23/2013 03:03:50 PM,,16,"[""TTA/acestep/Motocross_Mania_Monroeville_Music_Center_acestep_TTA_001.mp3"", ""TTA/audioldm/Motocross_Mania_Monroeville_Music_Center_audioldm_TTA_001.mp3"", ""TTA/brev/Motocross_Mania_Monroeville_Music_Center_brev_TTA_001.mp3"", ""TTA/brev/Motocross_Mania_Monroeville_Music_Center_brev_TTA_002.mp3"", ""TTA/diffrhythm/Motocross_Mania_Monroeville_Music_Center_diffrhythm_TTA_001.mp3"", ""TTA/elevenlabs/Motocross_Mania_Monroeville_Music_Center_elevenlabs_TTA_001.mp3"", ""TTA/elevenlabs/Motocross_Mania_Monroeville_Music_Center_elevenlabs_TTA_002.mp3"", ""TTA/mubert/Motocross_Mania_Monroeville_Music_Center_mubert_TTA_001.mp3"", ""TTA/musicgen/Motocross_Mania_Monroeville_Music_Center_musicgen_TTA_001.wav"", ""TTA/producer/Motocross_Mania_Monroeville_Music_Center_producer_TTA_001.mp3"", ""TTA/songgen/Motocross_Mania_Monroeville_Music_Center_songgen_TTA_001.mp3"", ""TTA/stableaudio/Motocross_Mania_Monroeville_Music_Center_stableaudio_TTA_001.mp3"", ""TTA/suno/Motocross_Mania_Monroeville_Music_Center_suno_TTA_001.mp3"", ""TTA/suno/Motocross_Mania_Monroeville_Music_Center_suno_TTA_002.mp3"", ""TTA/udio/Motocross_Mania_Monroeville_Music_Center_udio_TTA_001.mp3"", ""TTA/udio/Motocross_Mania_Monroeville_Music_Center_udio_TTA_002.mp3""]","[""acestep"", ""audioldm"", ""brev"", ""diffrhythm"", ""elevenlabs"", ""mubert"", ""musicgen"", ""producer"", ""songgen"", ""stableaudio"", ""suno"", ""udio""]","[""Pop""]",14b0c76c6a691c42fadfab9fb6a4eb1ee8c628a2,metadata_complete,,unverified
91163,You Are A Monster - Monroeville Music Center,13391,fma:91163,fma_artist:13391,exact,http://freemusicarchive.org/music/Monroeville_Music_Center/Choose_Your_Own_Adventure/You_Are_A_Monster,Creative Commons Attribution,http://creativecommons.org/licenses/by/3.0/,Creative Commons Attribution,You Are A Monster,Monroeville Music Center,13391,9/23/2013 03:03:52 PM,,16,"[""TTA/acestep/You_Are_A_Monster_Monroeville_Music_Center_acestep_TTA_001.mp3"", ""TTA/audioldm/You_Are_A_Monster_Monroeville_Music_Center_audioldm_TTA_001.mp3"", ""TTA/brev/You_Are_A_Monster_Monroeville_Music_Center_brev_TTA_001.mp3"", ""TTA/brev/You_Are_A_Monster_Monroeville_Music_Center_brev_TTA_002.mp3"", ""TTA/diffrhythm/You_Are_A_Monster_Monroeville_Music_Center_diffrhythm_TTA_001.mp3"", ""TTA/elevenlabs/You_Are_A_Monster_Monroeville_Music_Center_elevenlabs_TTA_001.mp3"", ""TTA/elevenlabs/You_Are_A_Monster_Monroeville_Music_Center_elevenlabs_TTA_002.mp3"", ""TTA/mubert/You_Are_A_Monster_Monroeville_Music_Center_mubert_TTA_001.mp3"", ""TTA/musicgen/You_Are_A_Monster_Monroeville_Music_Center_musicgen_TTA_001.wav"", ""TTA/producer/You_Are_A_Monster_Monroeville_Music_Center_producer_TTA_001.mp3"", ""TTA/songgen/You_Are_A_Monster_Monroeville_Music_Center_songgen_TTA_001.mp3"", ""TTA/stableaudio/You_Are_A_Monster_Monroeville_Music_Center_stableaudio_TTA_001.mp3"", ""TTA/suno/You_Are_A_Monster_Monroeville_Music_Center_suno_TTA_001.mp3"", ""TTA/suno/You_Are_A_Monster_Monroeville_Music_Center_suno_TTA_002.mp3"", ""TTA/udio/You_Are_A_Monster_Monroeville_Music_Center_udio_TTA_001.mp3"", ""TTA/udio/You_Are_A_Monster_Monroeville_Music_Center_udio_TTA_002.mp3""]","[""acestep"", ""audioldm"", ""brev"", ""diffrhythm"", ""elevenlabs"", ""mubert"", ""musicgen"", ""producer"", ""songgen"", ""stableaudio"", ""suno"", ""udio""]","[""Pop""]",14b0c76c6a691c42fadfab9fb6a4eb1ee8c628a2,metadata_complete,,unverified
91164,Roller Star - Monroeville Music Center,13391,fma:91164,fma_artist:13391,exact,http://freemusicarchive.org/music/Monroeville_Music_Center/Choose_Your_Own_Adventure/Roller_Star,Creative Commons Attribution,http://creativecommons.org/licenses/by/3.0/,Creative Commons Attribution,Roller Star,Monroeville Music Center,13391,9/23/2013 03:03:52 PM,,16,"[""TTA/acestep/Roller_Star_Monroeville_Music_Center_acestep_TTA_001.mp3"", ""TTA/audioldm/Roller_Star_Monroeville_Music_Center_audioldm_TTA_001.mp3"", ""TTA/brev/Roller_Star_Monroeville_Music_Center_brev_TTA_001.mp3"", ""TTA/brev/Roller_Star_Monroeville_Music_Center_brev_TTA_002.mp3"", ""TTA/diffrhythm/Roller_Star_Monroeville_Music_Center_diffrhythm_TTA_001.mp3"", ""TTA/elevenlabs/Roller_Star_Monroeville_Music_Center_elevenlabs_TTA_001.mp3"", ""TTA/elevenlabs/Roller_Star_Monroeville_Music_Center_elevenlabs_TTA_002.mp3"", ""TTA/mubert/Roller_Star_Monroeville_Music_Center_mubert_TTA_001.mp3"", ""TTA/musicgen/Roller_Star_Monroeville_Music_Center_musicgen_TTA_001.wav"", ""TTA/producer/Roller_Star_Monroeville_Music_Center_producer_TTA_001.mp3"", ""TTA/songgen/Roller_Star_Monroeville_Music_Center_songgen_TTA_001.mp3"", ""TTA/stableaudio/Roller_Star_Monroeville_Music_Center_stableaudio_TTA_001.mp3"", ""TTA/suno/Roller_Star_Monroeville_Music_Center_suno_TTA_001.mp3"", ""TTA/suno/Roller_Star_Monroeville_Music_Center_suno_TTA_002.mp3"", ""TTA/udio/Roller_Star_Monroeville_Music_Center_udio_TTA_001.mp3"", ""TTA/udio/Roller_Star_Monroeville_Music_Center_udio_TTA_002.mp3""]","[""acestep"", ""audioldm"", ""brev"", ""diffrhythm"", ""elevenlabs"", ""mubert"", ""musicgen"", ""producer"", ""songgen"", ""stableaudio"", ""suno"", ""udio""]","[""Pop""]",14b0c76c6a691c42fadfab9fb6a4eb1ee8c628a2,metadata_complete,,unverified
91622,Scape from the city - Rolemusic,10397,fma:91622,fma_artist:10397,exact,http://freemusicarchive.org/music/Rolemusic/gigs_n_contest/rolemusic_-_gigs_n_contest_-_04_Scape_from_the_city,Creative Commons Attribution,http://creativecommons.org/licenses/by/3.0/,Creative Commons Attribution,Scape from the city,Rolemusic,10397,10/02/2013 11:22:24 AM,,5,"[""TTA/acestep/Scape_from_the_city_Rolemusic_acestep_TTA_001.mp3"", ""TTA/audioldm/Scape_from_the_city_Rolemusic_audioldm_TTA_001.mp3"", ""TTA/diffrhythm/Scape_from_the_city_Rolemusic_diffrhythm_TTA_001.mp3"", ""TTA/musicgen/Scape_from_the_city_Rolemusic_musicgen_TTA_001.wav"", ""TTA/songgen/Scape_from_the_city_Rolemusic_songgen_TTA_001.mp3""]","[""acestep"", ""audioldm"", ""diffrhythm"", ""musicgen"", ""songgen""]","[""Electronic""]",14b0c76c6a691c42fadfab9fb6a4eb1ee8c628a2,metadata_complete,,unverified
107429,CopperNickle - UncleBibby,18761,fma:107429,fma_artist:18761,exact,http://freemusicarchive.org/music/UncleBibby/Free_Music_Project_Vol_1/CopperNickle,Attribution,http://creativecommons.org/licenses/by/4.0/,Attribution,CopperNickle,UncleBibby,18761,7/20/2014 10:27:04 PM,,16,"[""TTA/acestep/CopperNickle_UncleBibby_acestep_TTA_001.mp3"", ""TTA/audioldm/CopperNickle_UncleBibby_audioldm_TTA_001.mp3"", ""TTA/brev/CopperNickle_UncleBibby_brev_TTA_001.mp3"", ""TTA/brev/CopperNickle_UncleBibby_brev_TTA_002.mp3"", ""TTA/diffrhythm/CopperNickle_UncleBibby_diffrhythm_TTA_001.mp3"", ""TTA/elevenlabs/CopperNickle_UncleBibby_elevenlabs_TTA_001.mp3"", ""TTA/elevenlabs/CopperNickle_UncleBibby_elevenlabs_TTA_002.mp3"", ""TTA/mubert/CopperNickle_UncleBibby_mubert_TTA_001.mp3"", ""TTA/musicgen/CopperNickle_UncleBibby_musicgen_TTA_001.wav"", ""TTA/producer/CopperNickle_UncleBibby_producer_TTA_001.mp3"", ""TTA/songgen/CopperNickle_UncleBibby_songgen_TTA_001.mp3"", ""TTA/stableaudio/CopperNickle_UncleBibby_stableaudio_TTA_001.mp3"", ""TTA/suno/CopperNickle_UncleBibby_suno_TTA_001.mp3"", ""TTA/suno/CopperNickle_UncleBibby_suno_TTA_002.mp3"", ""TTA/udio/CopperNickle_UncleBibby_udio_TTA_001.mp3"", ""TTA/udio/CopperNickle_UncleBibby_udio_TTA_002.mp3""]","[""acestep"", ""audioldm"", ""brev"", ""diffrhythm"", ""elevenlabs"", ""mubert"", ""musicgen"", ""producer"", ""songgen"", ""stableaudio"", ""suno"", ""udio""]","[""Electronic""]",14b0c76c6a691c42fadfab9fb6a4eb1ee8c628a2,metadata_complete,,unverified
107435,Jangus (inspired by ToeJam and Earl) - UncleBibby,18761,fma:107435,fma_artist:18761,exact,http://freemusicarchive.org/music/UncleBibby/Free_Music_Project_Vol_1/Jangus_inspired_by_ToeJam_and_Earl,Attribution,http://creativecommons.org/licenses/by/4.0/,Attribution,Jangus (inspired by ToeJam and Earl),UncleBibby,18761,7/20/2014 10:38:31 PM,,16,"[""TTA/acestep/Jangus_inspired_by_ToeJam_and_Earl_UncleBibby_acestep_TTA_001.mp3"", ""TTA/audioldm/Jangus_inspired_by_ToeJam_and_Earl_UncleBibby_audioldm_TTA_001.mp3"", ""TTA/brev/Jangus_inspired_by_ToeJam_and_Earl_UncleBibby_brev_TTA_001.mp3"", ""TTA/brev/Jangus_inspired_by_ToeJam_and_Earl_UncleBibby_brev_TTA_002.mp3"", ""TTA/diffrhythm/Jangus_inspired_by_ToeJam_and_Earl_UncleBibby_diffrhythm_TTA_001.mp3"", ""TTA/elevenlabs/Jangus_inspired_by_ToeJam_and_Earl_UncleBibby_elevenlabs_TTA_001.mp3"", ""TTA/elevenlabs/Jangus_inspired_by_ToeJam_and_Earl_UncleBibby_elevenlabs_TTA_002.mp3"", ""TTA/mubert/Jangus_inspired_by_ToeJam_and_Earl_UncleBibby_mubert_TTA_001.mp3"", ""TTA/musicgen/Jangus_inspired_by_ToeJam_and_Earl_UncleBibby_musicgen_TTA_001.wav"", ""TTA/producer/Jangus_inspired_by_ToeJam_and_Earl_UncleBibby_producer_TTA_001.mp3"", ""TTA/songgen/Jangus_inspired_by_ToeJam_and_Earl_UncleBibby_songgen_TTA_001.mp3"", ""TTA/stableaudio/Jangus_inspired_by_ToeJam_and_Earl_UncleBibby_stableaudio_TTA_001.mp3"", ""TTA/suno/Jangus_inspired_by_ToeJam_and_Earl_UncleBibby_suno_TTA_001.mp3"", ""TTA/suno/Jangus_inspired_by_ToeJam_and_Earl_UncleBibby_suno_TTA_002.mp3"", ""TTA/udio/Jangus_inspired_by_ToeJam_and_Earl_UncleBibby_udio_TTA_001.mp3"", ""TTA/udio/Jangus_inspired_by_ToeJam_and_Earl_UncleBibby_udio_TTA_002.mp3""]","[""acestep"", ""audioldm"", ""brev"", ""diffrhythm"", ""elevenlabs"", ""mubert"", ""musicgen"", ""producer"", ""songgen"", ""stableaudio"", ""suno"", ""udio""]","[""Electronic""]",14b0c76c6a691c42fadfab9fb6a4eb1ee8c628a2,metadata_complete,,unverified
107613,Ugly - Vienna Ditto,18767,fma:107613,fma_artist:18767,exact,http://freemusicarchive.org/music/Vienna_Ditto/Ugly_1501/Vienna_Ditto_-_Ugly_-_01_Ugly,Attribution,http://creativecommons.org/licenses/by/4.0/,Attribution,Ugly,Vienna Ditto,18767,7/25/2014 06:18:07 AM,,5,"[""TTA/acestep/Ugly_Vienna_Ditto_acestep_TTA_001.mp3"", ""TTA/audioldm/Ugly_Vienna_Ditto_audioldm_TTA_001.mp3"", ""TTA/diffrhythm/Ugly_Vienna_Ditto_diffrhythm_TTA_001.mp3"", ""TTA/musicgen/Ugly_Vienna_Ditto_musicgen_TTA_001.wav"", ""TTA/songgen/Ugly_Vienna_Ditto_songgen_TTA_001.mp3""]","[""acestep"", ""audioldm"", ""diffrhythm"", ""musicgen"", ""songgen""]","[""Electronic""]",14b0c76c6a691c42fadfab9fb6a4eb1ee8c628a2,metadata_complete,,unverified
107617,La Nina Blanca - Vienna Ditto,18767,fma:107617,fma_artist:18767,exact,http://freemusicarchive.org/music/Vienna_Ditto/I_know_his_blood/Vienna_Ditto_-_I_Know_His_Blood_-_02_La_Nina_Blanca,Attribution,http://creativecommons.org/licenses/by/4.0/,Attribution,La Nina Blanca,Vienna Ditto,18767,7/25/2014 06:33:20 AM,,5,"[""TTA/acestep/La_Nina_Blanca_Vienna_Ditto_acestep_TTA_001.mp3"", ""TTA/audioldm/La_Nina_Blanca_Vienna_Ditto_audioldm_TTA_001.mp3"", ""TTA/diffrhythm/La_Nina_Blanca_Vienna_Ditto_diffrhythm_TTA_001.mp3"", ""TTA/musicgen/La_Nina_Blanca_Vienna_Ditto_musicgen_TTA_001.wav"", ""TTA/songgen/La_Nina_Blanca_Vienna_Ditto_songgen_TTA_001.mp3""]","[""acestep"", ""audioldm"", ""diffrhythm"", ""musicgen"", ""songgen""]","[""Electronic""]",14b0c76c6a691c42fadfab9fb6a4eb1ee8c628a2,metadata_complete,,unverified
111819,Ad Astra - P C III,19189,fma:111819,fma_artist:19189,exact,http://freemusicarchive.org/music/P_C_III/Ad_Astra_Vol_1/01_Ad_Astra,Attribution,http://creativecommons.org/licenses/by/4.0/,Attribution,Ad Astra,P C III,19189,12/06/2014 07:04:17 PM,,16,"[""TTA/acestep/Ad_Astra_P_C_III_acestep_TTA_001.mp3"", ""TTA/audioldm/Ad_Astra_P_C_III_audioldm_TTA_001.mp3"", ""TTA/brev/Ad_Astra_P_C_III_brev_TTA_001.mp3"", ""TTA/brev/Ad_Astra_P_C_III_brev_TTA_002.mp3"", ""TTA/diffrhythm/Ad_Astra_P_C_III_diffrhythm_TTA_001.mp3"", ""TTA/elevenlabs/Ad_Astra_P_C_III_elevenlabs_TTA_001.mp3"", ""TTA/elevenlabs/Ad_Astra_P_C_III_elevenlabs_TTA_002.mp3"", ""TTA/mubert/Ad_Astra_P_C_III_mubert_TTA_001.mp3"", ""TTA/musicgen/Ad_Astra_P_C_III_musicgen_TTA_001.wav"", ""TTA/producer/Ad_Astra_P_C_III_producer_TTA_001.mp3"", ""TTA/songgen/Ad_Astra_P_C_III_songgen_TTA_001.mp3"", ""TTA/stableaudio/Ad_Astra_P_C_III_stableaudio_TTA_001.mp3"", ""TTA/suno/Ad_Astra_P_C_III_suno_TTA_001.mp3"", ""TTA/suno/Ad_Astra_P_C_III_suno_TTA_002.mp3"", ""TTA/udio/Ad_Astra_P_C_III_udio_TTA_001.mp3"", ""TTA/udio/Ad_Astra_P_C_III_udio_TTA_002.mp3""]","[""acestep"", ""audioldm"", ""brev"", ""diffrhythm"", ""elevenlabs"", ""mubert"", ""musicgen"", ""producer"", ""songgen"", ""stableaudio"", ""suno"", ""udio""]","[""Electronic""]",14b0c76c6a691c42fadfab9fb6a4eb1ee8c628a2,metadata_complete,,unverified
112315,Digital Lightning - Cloudkicker,11018,fma:112315,fma_artist:11018,exact,http://freemusicarchive.org/music/Cloudkicker/Little_histories/Cloudkicker_-_Little_Histories_-_04_Digital_Lightning,Attribution,http://creativecommons.org/licenses/by/4.0/,Attribution,Digital Lightning,Cloudkicker,11018,12/18/2014 08:38:15 AM,,16,"[""TTA/acestep/Digital_Lightning_Cloudkicker_acestep_TTA_001.mp3"", ""TTA/audioldm/Digital_Lightning_Cloudkicker_audioldm_TTA_001.mp3"", ""TTA/brev/Digital_Lightning_Cloudkicker_brev_TTA_001.mp3"", ""TTA/brev/Digital_Lightning_Cloudkicker_brev_TTA_002.mp3"", ""TTA/diffrhythm/Digital_Lightning_Cloudkicker_diffrhythm_TTA_001.mp3"", ""TTA/elevenlabs/Digital_Lightning_Cloudkicker_elevenlabs_TTA_001.mp3"", ""TTA/elevenlabs/Digital_Lightning_Cloudkicker_elevenlabs_TTA_002.mp3"", ""TTA/mubert/Digital_Lightning_Cloudkicker_mubert_TTA_001.mp3"", ""TTA/musicgen/Digital_Lightning_Cloudkicker_musicgen_TTA_001.wav"", ""TTA/producer/Digital_Lightning_Cloudkicker_producer_TTA_001.mp3"", ""TTA/songgen/Digital_Lightning_Cloudkicker_songgen_TTA_001.mp3"", ""TTA/stableaudio/Digital_Lightning_Cloudkicker_stableaudio_TTA_001.mp3"", ""TTA/suno/Digital_Lightning_Cloudkicker_suno_TTA_001.mp3"", ""TTA/suno/Digital_Lightning_Cloudkicker_suno_TTA_002.mp3"", ""TTA/udio/Digital_Lightning_Cloudkicker_udio_TTA_001.mp3"", ""TTA/udio/Digital_Lightning_Cloudkicker_udio_TTA_002.mp3""]","[""acestep"", ""audioldm"", ""brev"", ""diffrhythm"", ""elevenlabs"", ""mubert"", ""musicgen"", ""producer"", ""songgen"", ""stableaudio"", ""suno"", ""udio""]","[""Rock""]",14b0c76c6a691c42fadfab9fb6a4eb1ee8c628a2,metadata_complete,,unverified
113016,Spanish BEEEYYAAACHHH - Malaventura,5673,fma:113016,fma_artist:5673,exact,http://freemusicarchive.org/music/Malaventura/malaventura04/01-spanish_BEEEYYAAACHHH,Public Domain Mark 1.0,http://creativecommons.org/publicdomain/mark/1.0/,Public Domain Mark 1.0,Spanish BEEEYYAAACHHH,Malaventura,5673,1/05/2015 11:17:16 AM,,15,"[""TTA/acestep/Spanish_BEEEYYAAACHHH_Malaventura_acestep_TTA_001.mp3"", ""TTA/audioldm/Spanish_BEEEYYAAACHHH_Malaventura_audioldm_TTA_001.mp3"", ""TTA/brev/Spanish_BEEEYYAAACHHH_Malaventura_brev_TTA_001.mp3"", ""TTA/brev/Spanish_BEEEYYAAACHHH_Malaventura_brev_TTA_002.mp3"", ""TTA/diffrhythm/Spanish_BEEEYYAAACHHH_Malaventura_diffrhythm_TTA_001.mp3"", ""TTA/elevenlabs/Spanish_BEEEYYAAACHHH_Malaventura_elevenlabs_TTA_001.mp3"", ""TTA/elevenlabs/Spanish_BEEEYYAAACHHH_Malaventura_elevenlabs_TTA_002.mp3"", ""TTA/musicgen/Spanish_BEEEYYAAACHHH_Malaventura_musicgen_TTA_001.wav"", ""TTA/producer/Spanish_BEEEYYAAACHHH_Malaventura_producer_TTA_001.mp3"", ""TTA/songgen/Spanish_BEEEYYAAACHHH_Malaventura_songgen_TTA_001.mp3"", ""TTA/stableaudio/Spanish_BEEEYYAAACHHH_Malaventura_stableaudio_TTA_001.mp3"", ""TTA/suno/Spanish_BEEEYYAAACHHH_Malaventura_suno_TTA_001.mp3"", ""TTA/suno/Spanish_BEEEYYAAACHHH_Malaventura_suno_TTA_002.mp3"", ""TTA/udio/Spanish_BEEEYYAAACHHH_Malaventura_udio_TTA_001.mp3"", ""TTA/udio/Spanish_BEEEYYAAACHHH_Malaventura_udio_TTA_002.mp3""]","[""acestep"", ""audioldm"", ""brev"", ""diffrhythm"", ""elevenlabs"", ""musicgen"", ""producer"", ""songgen"", ""stableaudio"", ""suno"", ""udio""]","[""Pop""]",14b0c76c6a691c42fadfab9fb6a4eb1ee8c628a2,metadata_complete,,unverified
113017,Nostalgia - Malaventura,5673,fma:113017,fma_artist:5673,exact,http://freemusicarchive.org/music/Malaventura/malaventura04/02-Nostalgia,Public Domain Mark 1.0,http://creativecommons.org/publicdomain/mark/1.0/,Public Domain Mark 1.0,Nostalgia,Malaventura,5673,1/05/2015 11:17:16 AM,,6,"[""TTA/acestep/Nostalgia_Malaventura_acestep_TTA_001.mp3"", ""TTA/audioldm/Nostalgia_Malaventura_audioldm_TTA_001.mp3"", ""TTA/diffrhythm/Nostalgia_Malaventura_diffrhythm_TTA_001.mp3"", ""TTA/musicgen/Nostalgia_Malaventura_musicgen_TTA_001.wav"", ""TTA/songgen/Nostalgia_Malaventura_songgen_TTA_001.mp3"", ""TTA/stableaudio/Nostalgia_Malaventura_stableaudio_TTA_001.mp3""]","[""acestep"", ""audioldm"", ""diffrhythm"", ""musicgen"", ""songgen"", ""stableaudio""]","[""Pop""]",14b0c76c6a691c42fadfab9fb6a4eb1ee8c628a2,metadata_complete,,unverified
113018,Troubles I've seen - Malaventura,5673,fma:113018,fma_artist:5673,exact,http://freemusicarchive.org/music/Malaventura/malaventura04/03-Troubles_Ive_seen,Public Domain Mark 1.0,http://creativecommons.org/publicdomain/mark/1.0/,Public Domain Mark 1.0,Troubles I've seen,Malaventura,5673,1/05/2015 11:17:17 AM,,17,"[""TTA/acestep/Troubles_Ive_seen_Malaventura_acestep_TTA_001.mp3"", ""TTA/audioldm/Troubles_Ive_seen_Malaventura_audioldm_TTA_001.mp3"", ""TTA/brev/Troubles_Ive_seen_Malaventura_brev_TTA_001.mp3"", ""TTA/brev/Troubles_Ive_seen_Malaventura_brev_TTA_002.mp3"", ""TTA/diffrhythm/Troubles_Ive_seen_Malaventura_diffrhythm_TTA_001.mp3"", ""TTA/diffrhythm/Troubles_Ive_seen_Malaventura_diffrhythm_TTA_002.mp3"", ""TTA/elevenlabs/Troubles_Ive_seen_Malaventura_elevenlabs_TTA_001.mp3"", ""TTA/elevenlabs/Troubles_Ive_seen_Malaventura_elevenlabs_TTA_002.mp3"", ""TTA/mubert/Troubles_Ive_seen_Malaventura_mubert_TTA_001.mp3"", ""TTA/musicgen/Troubles_Ive_seen_Malaventura_musicgen_TTA_001.wav"", ""TTA/producer/Troubles_Ive_seen_Malaventura_producer_TTA_001.mp3"", ""TTA/songgen/Troubles_Ive_seen_Malaventura_songgen_TTA_001.mp3"", ""TTA/stableaudio/Troubles_Ive_seen_Malaventura_stableaudio_TTA_001.mp3"", ""TTA/suno/Troubles_Ive_seen_Malaventura_suno_TTA_001.mp3"", ""TTA/suno/Troubles_Ive_seen_Malaventura_suno_TTA_002.mp3"", ""TTA/udio/Troubles_Ive_seen_Malaventura_udio_TTA_001.mp3"", ""TTA/udio/Troubles_Ive_seen_Malaventura_udio_TTA_002.mp3""]","[""acestep"", ""audioldm"", ""brev"", ""diffrhythm"", ""elevenlabs"", ""mubert"", ""musicgen"", ""producer"", ""songgen"", ""stableaudio"", ""suno"", ""udio""]","[""Pop""]",14b0c76c6a691c42fadfab9fb6a4eb1ee8c628a2,metadata_complete,,unverified
113019,Agora - Malaventura,5673,fma:113019,fma_artist:5673,exact,http://freemusicarchive.org/music/Malaventura/malaventura04/04-Agora,Public Domain Mark 1.0,http://creativecommons.org/publicdomain/mark/1.0/,Public Domain Mark 1.0,Agora,Malaventura,5673,1/05/2015 11:17:19 AM,,6,"[""TTA/acestep/Agora_Malaventura_acestep_TTA_001.mp3"", ""TTA/audioldm/Agora_Malaventura_audioldm_TTA_001.mp3"", ""TTA/diffrhythm/Agora_Malaventura_diffrhythm_TTA_001.mp3"", ""TTA/musicgen/Agora_Malaventura_musicgen_TTA_001.wav"", ""TTA/songgen/Agora_Malaventura_songgen_TTA_001.mp3"", ""TTA/stableaudio/Agora_Malaventura_stableaudio_TTA_001.mp3""]","[""acestep"", ""audioldm"", ""diffrhythm"", ""musicgen"", ""songgen"", ""stableaudio""]","[""Pop""]",14b0c76c6a691c42fadfab9fb6a4eb1ee8c628a2,metadata_complete,,unverified
113020,Polinesia - Malaventura,5673,fma:113020,fma_artist:5673,exact,http://freemusicarchive.org/music/Malaventura/malaventura04/05-Polinesia,Public Domain Mark 1.0,http://creativecommons.org/publicdomain/mark/1.0/,Public Domain Mark 1.0,Polinesia,Malaventura,5673,1/05/2015 11:17:19 AM,,6,"[""TTA/acestep/Polinesia_Malaventura_acestep_TTA_001.mp3"", ""TTA/audioldm/Polinesia_Malaventura_audioldm_TTA_001.mp3"", ""TTA/diffrhythm/Polinesia_Malaventura_diffrhythm_TTA_001.mp3"", ""TTA/musicgen/Polinesia_Malaventura_musicgen_TTA_001.wav"", ""TTA/songgen/Polinesia_Malaventura_songgen_TTA_001.mp3"", ""TTA/stableaudio/Polinesia_Malaventura_stableaudio_TTA_001.mp3""]","[""acestep"", ""audioldm"", ""diffrhythm"", ""musicgen"", ""songgen"", ""stableaudio""]","[""Pop""]",14b0c76c6a691c42fadfab9fb6a4eb1ee8c628a2,metadata_complete,,unverified
113021,El Burrito - Malaventura,5673,fma:113021,fma_artist:5673,exact,http://freemusicarchive.org/music/Malaventura/malaventura04/06-El_Burrito,Public Domain Mark 1.0,http://creativecommons.org/publicdomain/mark/1.0/,Public Domain Mark 1.0,El Burrito,Malaventura,5673,1/05/2015 11:17:20 AM,,6,"[""TTA/acestep/El_Burrito_Malaventura_acestep_TTA_001.mp3"", ""TTA/audioldm/El_Burrito_Malaventura_audioldm_TTA_001.mp3"", ""TTA/diffrhythm/El_Burrito_Malaventura_diffrhythm_TTA_001.mp3"", ""TTA/musicgen/El_Burrito_Malaventura_musicgen_TTA_001.wav"", ""TTA/songgen/El_Burrito_Malaventura_songgen_TTA_001.mp3"", ""TTA/stableaudio/El_Burrito_Malaventura_stableaudio_TTA_001.mp3""]","[""acestep"", ""audioldm"", ""diffrhythm"", ""musicgen"", ""songgen"", ""stableaudio""]","[""Pop""]",14b0c76c6a691c42fadfab9fb6a4eb1ee8c628a2,metadata_complete,,unverified
113022,Let's the kids play - Malaventura,5673,fma:113022,fma_artist:5673,exact,http://freemusicarchive.org/music/Malaventura/malaventura04/07-Lets_the_kids_play,Public Domain Mark 1.0,http://creativecommons.org/publicdomain/mark/1.0/,Public Domain Mark 1.0,Let's the kids play,Malaventura,5673,1/05/2015 11:17:21 AM,,7,"[""TTA/acestep/Lets_the_kids_play_Malaventura_acestep_TTA_001.mp3"", ""TTA/audioldm/Lets_the_kids_play_Malaventura_audioldm_TTA_001.mp3"", ""TTA/diffrhythm/Lets_the_kids_play_Malaventura_diffrhythm_TTA_001.mp3"", ""TTA/diffrhythm/Lets_the_kids_play_Malaventura_diffrhythm_TTA_002.mp3"", ""TTA/musicgen/Lets_the_kids_play_Malaventura_musicgen_TTA_001.wav"", ""TTA/songgen/Lets_the_kids_play_Malaventura_songgen_TTA_001.mp3"", ""TTA/stableaudio/Lets_the_kids_play_Malaventura_stableaudio_TTA_001.mp3""]","[""acestep"", ""audioldm"", ""diffrhythm"", ""musicgen"", ""songgen"", ""stableaudio""]","[""Pop""]",14b0c76c6a691c42fadfab9fb6a4eb1ee8c628a2,metadata_complete,,unverified
113023,The plot - Malaventura,5673,fma:113023,fma_artist:5673,exact,http://freemusicarchive.org/music/Malaventura/malaventura04/08-The_plot,Public Domain Mark 1.0,http://creativecommons.org/publicdomain/mark/1.0/,Public Domain Mark 1.0,The plot,Malaventura,5673,1/05/2015 11:17:23 AM,,16,"[""TTA/acestep/The_plot_Malaventura_acestep_TTA_001.mp3"", ""TTA/audioldm/The_plot_Malaventura_audioldm_TTA_001.mp3"", ""TTA/brev/The_plot_Malaventura_brev_TTA_001.mp3"", ""TTA/brev/The_plot_Malaventura_brev_TTA_002.mp3"", ""TTA/diffrhythm/The_plot_Malaventura_diffrhythm_TTA_001.mp3"", ""TTA/elevenlabs/The_plot_Malaventura_elevenlabs_TTA_001.mp3"", ""TTA/elevenlabs/The_plot_Malaventura_elevenlabs_TTA_002.mp3"", ""TTA/mubert/The_plot_Malaventura_mubert_TTA_001.mp3"", ""TTA/musicgen/The_plot_Malaventura_musicgen_TTA_001.wav"", ""TTA/producer/The_plot_Malaventura_producer_TTA_001.mp3"", ""TTA/songgen/The_plot_Malaventura_songgen_TTA_001.mp3"", ""TTA/stableaudio/The_plot_Malaventura_stableaudio_TTA_001.mp3"", ""TTA/suno/The_plot_Malaventura_suno_TTA_001.mp3"", ""TTA/suno/The_plot_Malaventura_suno_TTA_002.mp3"", ""TTA/udio/The_plot_Malaventura_udio_TTA_001.mp3"", ""TTA/udio/The_plot_Malaventura_udio_TTA_002.mp3""]","[""acestep"", ""audioldm"", ""brev"", ""diffrhythm"", ""elevenlabs"", ""mubert"", ""musicgen"", ""producer"", ""songgen"", ""stableaudio"", ""suno"", ""udio""]","[""Pop""]",14b0c76c6a691c42fadfab9fb6a4eb1ee8c628a2,metadata_complete,,unverified
113024,Soleares&beats - Malaventura,5673,fma:113024,fma_artist:5673,exact,http://freemusicarchive.org/music/Malaventura/malaventura04/09-Solearesbeats,Public Domain Mark 1.0,http://creativecommons.org/publicdomain/mark/1.0/,Public Domain Mark 1.0,Soleares&beats,Malaventura,5673,1/05/2015 11:17:24 AM,,16,"[""TTA/acestep/Solearesbeats_Malaventura_acestep_TTA_001.mp3"", ""TTA/audioldm/Solearesbeats_Malaventura_audioldm_TTA_001.mp3"", ""TTA/brev/Solearesbeats_Malaventura_brev_TTA_001.mp3"", ""TTA/brev/Solearesbeats_Malaventura_brev_TTA_002.mp3"", ""TTA/diffrhythm/Solearesbeats_Malaventura_diffrhythm_TTA_001.mp3"", ""TTA/elevenlabs/Solearesbeats_Malaventura_elevenlabs_TTA_001.mp3"", ""TTA/elevenlabs/Solearesbeats_Malaventura_elevenlabs_TTA_002.mp3"", ""TTA/mubert/Solearesbeats_Malaventura_mubert_TTA_001.mp3"", ""TTA/musicgen/Solearesbeats_Malaventura_musicgen_TTA_001.wav"", ""TTA/producer/Solearesbeats_Malaventura_producer_TTA_001.mp3"", ""TTA/songgen/Solearesbeats_Malaventura_songgen_TTA_001.mp3"", ""TTA/stableaudio/Solearesbeats_Malaventura_stableaudio_TTA_001.mp3"", ""TTA/suno/Solearesbeats_Malaventura_suno_TTA_001.mp3"", ""TTA/suno/Solearesbeats_Malaventura_suno_TTA_002.mp3"", ""TTA/udio/Solearesbeats_Malaventura_udio_TTA_001.mp3"", ""TTA/udio/Solearesbeats_Malaventura_udio_TTA_002.mp3""]","[""acestep"", ""audioldm"", ""brev"", ""diffrhythm"", ""elevenlabs"", ""mubert"", ""musicgen"", ""producer"", ""songgen"", ""stableaudio"", ""suno"", ""udio""]","[""Pop""]",14b0c76c6a691c42fadfab9fb6a4eb1ee8c628a2,metadata_complete,,unverified
113025,Breeze Funk - Malaventura,5673,fma:113025,fma_artist:5673,exact,http://freemusicarchive.org/music/Malaventura/malaventura04/10-Breeze_Funk,Public Domain Mark 1.0,http://creativecommons.org/publicdomain/mark/1.0/,Public Domain Mark 1.0,Breeze Funk,Malaventura,5673,1/05/2015 11:17:24 AM,,16,"[""TTA/acestep/Breeze_Funk_Malaventura_acestep_TTA_001.mp3"", ""TTA/audioldm/Breeze_Funk_Malaventura_audioldm_TTA_001.mp3"", ""TTA/brev/Breeze_Funk_Malaventura_brev_TTA_001.mp3"", ""TTA/brev/Breeze_Funk_Malaventura_brev_TTA_002.mp3"", ""TTA/diffrhythm/Breeze_Funk_Malaventura_diffrhythm_TTA_001.mp3"", ""TTA/elevenlabs/Breeze_Funk_Malaventura_elevenlabs_TTA_001.mp3"", ""TTA/elevenlabs/Breeze_Funk_Malaventura_elevenlabs_TTA_002.mp3"", ""TTA/mubert/Breeze_Funk_Malaventura_mubert_TTA_001.mp3"", ""TTA/musicgen/Breeze_Funk_Malaventura_musicgen_TTA_001.wav"", ""TTA/producer/Breeze_Funk_Malaventura_producer_TTA_001.mp3"", ""TTA/songgen/Breeze_Funk_Malaventura_songgen_TTA_001.mp3"", ""TTA/stableaudio/Breeze_Funk_Malaventura_stableaudio_TTA_001.mp3"", ""TTA/suno/Breeze_Funk_Malaventura_suno_TTA_001.mp3"", ""TTA/suno/Breeze_Funk_Malaventura_suno_TTA_002.mp3"", ""TTA/udio/Breeze_Funk_Malaventura_udio_TTA_001.mp3"", ""TTA/udio/Breeze_Funk_Malaventura_udio_TTA_002.mp3""]","[""acestep"", ""audioldm"", ""brev"", ""diffrhythm"", ""elevenlabs"", ""mubert"", ""musicgen"", ""producer"", ""songgen"", ""stableaudio"", ""suno"", ""udio""]","[""Pop""]",14b0c76c6a691c42fadfab9fb6a4eb1ee8c628a2,metadata_complete,,unverified
113026,Space is my pace - Malaventura,5673,fma:113026,fma_artist:5673,exact,http://freemusicarchive.org/music/Malaventura/malaventura04/11-Space_is_my_pace,Public Domain Mark 1.0,http://creativecommons.org/publicdomain/mark/1.0/,Public Domain Mark 1.0,Space is my pace,Malaventura,5673,1/05/2015 11:17:26 AM,,6,"[""TTA/acestep/Space_is_my_pace_Malaventura_acestep_TTA_001.mp3"", ""TTA/audioldm/Space_is_my_pace_Malaventura_audioldm_TTA_001.mp3"", ""TTA/diffrhythm/Space_is_my_pace_Malaventura_diffrhythm_TTA_001.mp3"", ""TTA/musicgen/Space_is_my_pace_Malaventura_musicgen_TTA_001.wav"", ""TTA/songgen/Space_is_my_pace_Malaventura_songgen_TTA_001.mp3"", ""TTA/stableaudio/Space_is_my_pace_Malaventura_stableaudio_TTA_001.mp3""]","[""acestep"", ""audioldm"", ""diffrhythm"", ""musicgen"", ""songgen"", ""stableaudio""]","[""Pop""]",14b0c76c6a691c42fadfab9fb6a4eb1ee8c628a2,metadata_complete,,unverified
113027,The Queen - Malaventura,5673,fma:113027,fma_artist:5673,exact,http://freemusicarchive.org/music/Malaventura/malaventura04/12-The_Queen,Public Domain Mark 1.0,http://creativecommons.org/publicdomain/mark/1.0/,Public Domain Mark 1.0,The Queen,Malaventura,5673,1/05/2015 11:17:27 AM,,6,"[""TTA/acestep/The_Queen_Malaventura_acestep_TTA_001.mp3"", ""TTA/audioldm/The_Queen_Malaventura_audioldm_TTA_001.mp3"", ""TTA/diffrhythm/The_Queen_Malaventura_diffrhythm_TTA_001.mp3"", ""TTA/musicgen/The_Queen_Malaventura_musicgen_TTA_001.wav"", ""TTA/songgen/The_Queen_Malaventura_songgen_TTA_001.mp3"", ""TTA/stableaudio/The_Queen_Malaventura_stableaudio_TTA_001.mp3""]","[""acestep"", ""audioldm"", ""diffrhythm"", ""musicgen"", ""songgen"", ""stableaudio""]","[""Pop""]",14b0c76c6a691c42fadfab9fb6a4eb1ee8c628a2,metadata_complete,,unverified
113028,Convicted Jazz Drones - Malaventura,5673,fma:113028,fma_artist:5673,exact,http://freemusicarchive.org/music/Malaventura/malaventura04/13-Convicted_Jazz_Drones,Public Domain Mark 1.0,http://creativecommons.org/publicdomain/mark/1.0/,Public Domain Mark 1.0,Convicted Jazz Drones,Malaventura,5673,1/05/2015 11:17:27 AM,,16,"[""TTA/acestep/Convicted_Jazz_Drones_Malaventura_acestep_TTA_001.mp3"", ""TTA/audioldm/Convicted_Jazz_Drones_Malaventura_audioldm_TTA_001.mp3"", ""TTA/brev/Convicted_Jazz_Drones_Malaventura_brev_TTA_001.mp3"", ""TTA/brev/Convicted_Jazz_Drones_Malaventura_brev_TTA_002.mp3"", ""TTA/diffrhythm/Convicted_Jazz_Drones_Malaventura_diffrhythm_TTA_001.mp3"", ""TTA/elevenlabs/Convicted_Jazz_Drones_Malaventura_elevenlabs_TTA_001.mp3"", ""TTA/elevenlabs/Convicted_Jazz_Drones_Malaventura_elevenlabs_TTA_002.mp3"", ""TTA/mubert/Convicted_Jazz_Drones_Malaventura_mubert_TTA_001.mp3"", ""TTA/musicgen/Convicted_Jazz_Drones_Malaventura_musicgen_TTA_001.wav"", ""TTA/producer/Convicted_Jazz_Drones_Malaventura_producer_TTA_001.mp3"", ""TTA/songgen/Convicted_Jazz_Drones_Malaventura_songgen_TTA_001.mp3"", ""TTA/stableaudio/Convicted_Jazz_Drones_Malaventura_stableaudio_TTA_001.mp3"", ""TTA/suno/Convicted_Jazz_Drones_Malaventura_suno_TTA_001.mp3"", ""TTA/suno/Convicted_Jazz_Drones_Malaventura_suno_TTA_002.mp3"", ""TTA/udio/Convicted_Jazz_Drones_Malaventura_udio_TTA_001.mp3"", ""TTA/udio/Convicted_Jazz_Drones_Malaventura_udio_TTA_002.mp3""]","[""acestep"", ""audioldm"", ""brev"", ""diffrhythm"", ""elevenlabs"", ""mubert"", ""musicgen"", ""producer"", ""songgen"", ""stableaudio"", ""suno"", ""udio""]","[""Pop""]",14b0c76c6a691c42fadfab9fb6a4eb1ee8c628a2,metadata_complete,,unverified
114396,Breathe New Life - Scott Holmes,19498,fma:114396,fma_artist:19498,exact,http://freemusicarchive.org/music/Scott_Holmes/Colossal_Stillness/Breathe_New_Life,Attribution,http://creativecommons.org/licenses/by/4.0/,Attribution,Breathe New Life,Scott Holmes,19498,2/06/2015 01:00:44 PM,,5,"[""TTA/acestep/Breathe_New_Life_Scott_Holmes_acestep_TTA_001.mp3"", ""TTA/audioldm/Breathe_New_Life_Scott_Holmes_audioldm_TTA_001.mp3"", ""TTA/diffrhythm/Breathe_New_Life_Scott_Holmes_diffrhythm_TTA_001.mp3"", ""TTA/musicgen/Breathe_New_Life_Scott_Holmes_musicgen_TTA_001.wav"", ""TTA/songgen/Breathe_New_Life_Scott_Holmes_songgen_TTA_001.mp3""]","[""acestep"", ""audioldm"", ""diffrhythm"", ""musicgen"", ""songgen""]","[""Rock""]",14b0c76c6a691c42fadfab9fb6a4eb1ee8c628a2,metadata_complete,,unverified
114404,Colossal Stillness - Scott Holmes,19498,fma:114404,fma_artist:19498,exact,http://freemusicarchive.org/music/Scott_Holmes/Colossal_Stillness/Colossal_Stillness,Attribution,http://creativecommons.org/licenses/by/4.0/,Attribution,Colossal Stillness,Scott Holmes,19498,2/06/2015 01:00:51 PM,,17,"[""TTA/acestep/Colossal_Stillness_Scott_Holmes_acestep_TTA_001.mp3"", ""TTA/audioldm/Colossal_Stillness_Scott_Holmes_audioldm_TTA_001.mp3"", ""TTA/brev/Colossal_Stillness_Scott_Holmes_brev_TTA_001.mp3"", ""TTA/brev/Colossal_Stillness_Scott_Holmes_brev_TTA_002.mp3"", ""TTA/diffrhythm/Colossal_Stillness_Scott_Holmes_diffrhythm_TTA_001.mp3"", ""TTA/elevenlabs/Colossal_Stillness_Scott_Holmes_elevenlabs_TTA_001.mp3"", ""TTA/elevenlabs/Colossal_Stillness_Scott_Holmes_elevenlabs_TTA_002.mp3"", ""TTA/mubert/Colossal_Stillness_Scott_Holmes_mubert_TTA_001.mp3"", ""TTA/musicgen/Colossal_Stillness_Scott_Holmes_musicgen_TTA_001.wav"", ""TTA/producer/Colossal_Stillness_Scott_Holmes_producer_TTA_001.mp3"", ""TTA/songgen/Colossal_Stillness_Scott_Holmes_songgen_TTA_001.mp3"", ""TTA/stableaudio/Colossal_Stillness_Scott_Holmes_stableaudio_TTA_001.mp3"", ""TTA/stableaudio/Colossal_Stillness_Scott_Holmes_stableaudio_TTA_002.mp3"", ""TTA/suno/Colossal_Stillness_Scott_Holmes_suno_TTA_001.mp3"", ""TTA/suno/Colossal_Stillness_Scott_Holmes_suno_TTA_002.mp3"", ""TTA/udio/Colossal_Stillness_Scott_Holmes_udio_TTA_001.mp3"", ""TTA/udio/Colossal_Stillness_Scott_Holmes_udio_TTA_002.mp3""]","[""acestep"", ""audioldm"", ""brev"", ""diffrhythm"", ""elevenlabs"", ""mubert"", ""musicgen"", ""producer"", ""songgen"", ""stableaudio"", ""suno"", ""udio""]","[""Rock""]",14b0c76c6a691c42fadfab9fb6a4eb1ee8c628a2,metadata_complete,,unverified
114545,shmoove - epsilon not,6550,fma:114545,fma_artist:6550,exact,http://freemusicarchive.org/music/Epsilon_Not/dayvision/02_shmoove,Attribution,http://creativecommons.org/licenses/by/4.0/,Attribution,shmoove,epsilon not,6550,2/08/2015 03:57:05 PM,,5,"[""TTA/acestep/shmoove_epsilon_not_acestep_TTA_001.mp3"", ""TTA/audioldm/shmoove_epsilon_not_audioldm_TTA_001.mp3"", ""TTA/diffrhythm/shmoove_epsilon_not_diffrhythm_TTA_001.mp3"", ""TTA/musicgen/shmoove_epsilon_not_musicgen_TTA_001.wav"", ""TTA/songgen/shmoove_epsilon_not_songgen_TTA_001.mp3""]","[""acestep"", ""audioldm"", ""diffrhythm"", ""musicgen"", ""songgen""]","[""Electronic""]",14b0c76c6a691c42fadfab9fb6a4eb1ee8c628a2,metadata_complete,,unverified
115761,Roland Garros 2048 - Zoliborz,19691,fma:115761,fma_artist:19691,exact,http://freemusicarchive.org/music/Zoliborz/Poincare_Conjecture/Zoliborz_-_Poincare_Conjecture_-_01_Roland_Garros_2048,CC0 1.0 Universal,http://creativecommons.org/publicdomain/zero/1.0/,CC0 1.0 Universal,Roland Garros 2048,Zoliborz,19691,2/27/2015 04:05:46 PM,,16,"[""TTA/acestep/Roland_Garros_2048_Zoliborz_acestep_TTA_001.mp3"", ""TTA/audioldm/Roland_Garros_2048_Zoliborz_audioldm_TTA_001.mp3"", ""TTA/brev/Roland_Garros_2048_Zoliborz_brev_TTA_001.mp3"", ""TTA/brev/Roland_Garros_2048_Zoliborz_brev_TTA_002.mp3"", ""TTA/diffrhythm/Roland_Garros_2048_Zoliborz_diffrhythm_TTA_001.mp3"", ""TTA/elevenlabs/Roland_Garros_2048_Zoliborz_elevenlabs_TTA_001.mp3"", ""TTA/elevenlabs/Roland_Garros_2048_Zoliborz_elevenlabs_TTA_002.mp3"", ""TTA/mubert/Roland_Garros_2048_Zoliborz_mubert_TTA_001.mp3"", ""TTA/musicgen/Roland_Garros_2048_Zoliborz_musicgen_TTA_001.wav"", ""TTA/producer/Roland_Garros_2048_Zoliborz_producer_TTA_001.mp3"", ""TTA/songgen/Roland_Garros_2048_Zoliborz_songgen_TTA_001.mp3"", ""TTA/stableaudio/Roland_Garros_2048_Zoliborz_stableaudio_TTA_001.mp3"", ""TTA/suno/Roland_Garros_2048_Zoliborz_suno_TTA_001.mp3"", ""TTA/suno/Roland_Garros_2048_Zoliborz_suno_TTA_002.mp3"", ""TTA/udio/Roland_Garros_2048_Zoliborz_udio_TTA_001.mp3"", ""TTA/udio/Roland_Garros_2048_Zoliborz_udio_TTA_002.mp3""]","[""acestep"", ""audioldm"", ""brev"", ""diffrhythm"", ""elevenlabs"", ""mubert"", ""musicgen"", ""producer"", ""songgen"", ""stableaudio"", ""suno"", ""udio""]","[""Rock""]",14b0c76c6a691c42fadfab9fb6a4eb1ee8c628a2,metadata_complete,,unverified
115814,OST 04 Ship under attack - sawsquarenoise,19696,fma:115814,fma_artist:19696,exact,http://freemusicarchive.org/music/sawsquarenoise/RottenMage_SpaceJacked/RottenMage_SpaceJacked_OST_04,Attribution,http://creativecommons.org/licenses/by/4.0/,Attribution,OST 04 Ship under attack,sawsquarenoise,19696,2/27/2015 11:46:46 PM,,16,"[""TTA/acestep/OST_04_Ship_under_attack_sawsquarenoise_acestep_TTA_001.mp3"", ""TTA/audioldm/OST_04_Ship_under_attack_sawsquarenoise_audioldm_TTA_001.mp3"", ""TTA/brev/OST_04_Ship_under_attack_sawsquarenoise_brev_TTA_001.mp3"", ""TTA/brev/OST_04_Ship_under_attack_sawsquarenoise_brev_TTA_002.mp3"", ""TTA/diffrhythm/OST_04_Ship_under_attack_sawsquarenoise_diffrhythm_TTA_001.mp3"", ""TTA/elevenlabs/OST_04_Ship_under_attack_sawsquarenoise_elevenlabs_TTA_001.mp3"", ""TTA/elevenlabs/OST_04_Ship_under_attack_sawsquarenoise_elevenlabs_TTA_002.mp3"", ""TTA/mubert/OST_04_Ship_under_attack_sawsquarenoise_mubert_TTA_001.mp3"", ""TTA/musicgen/OST_04_Ship_under_attack_sawsquarenoise_musicgen_TTA_001.wav"", ""TTA/producer/OST_04_Ship_under_attack_sawsquarenoise_producer_TTA_001.mp3"", ""TTA/songgen/OST_04_Ship_under_attack_sawsquarenoise_songgen_TTA_001.mp3"", ""TTA/stableaudio/OST_04_Ship_under_attack_sawsquarenoise_stableaudio_TTA_001.mp3"", ""TTA/suno/OST_04_Ship_under_attack_sawsquarenoise_suno_TTA_001.mp3"", ""TTA/suno/OST_04_Ship_under_attack_sawsquarenoise_suno_TTA_002.mp3"", ""TTA/udio/OST_04_Ship_under_attack_sawsquarenoise_udio_TTA_001.mp3"", ""TTA/udio/OST_04_Ship_under_attack_sawsquarenoise_udio_TTA_002.mp3""]","[""acestep"", ""audioldm"", ""brev"", ""diffrhythm"", ""elevenlabs"", ""mubert"", ""musicgen"", ""producer"", ""songgen"", ""stableaudio"", ""suno"", ""udio""]","[""Electronic""]",14b0c76c6a691c42fadfab9fb6a4eb1ee8c628a2,metadata_complete,,unverified
116878,Tapes - Gumbel,17198,fma:116878,fma_artist:17198,exact,http://freemusicarchive.org/music/Gumbel/8-bit_Love_Machine/Gumbel_-_8-bit_Love_Machine_EP_-_02_Tapes,Attribution,http://creativecommons.org/licenses/by/4.0/,Attribution,Tapes,Gumbel,17198,3/26/2015 03:42:18 PM,,15,"[""TTA/acestep/Tapes_Gumbel_acestep_TTA_001.mp3"", ""TTA/audioldm/Tapes_Gumbel_audioldm_TTA_001.mp3"", ""TTA/brev/Tapes_Gumbel_brev_TTA_001.mp3"", ""TTA/brev/Tapes_Gumbel_brev_TTA_002.mp3"", ""TTA/diffrhythm/Tapes_Gumbel_diffrhythm_TTA_001.mp3"", ""TTA/elevenlabs/Tapes_Gumbel_elevenlabs_TTA_001.mp3"", ""TTA/elevenlabs/Tapes_Gumbel_elevenlabs_TTA_002.mp3"", ""TTA/mubert/Tapes_Gumbel_mubert_TTA_001.mp3"", ""TTA/musicgen/Tapes_Gumbel_musicgen_TTA_001.wav"", ""TTA/producer/Tapes_Gumbel_producer_TTA_001.mp3"", ""TTA/songgen/Tapes_Gumbel_songgen_TTA_001.mp3"", ""TTA/suno/Tapes_Gumbel_suno_TTA_001.mp3"", ""TTA/suno/Tapes_Gumbel_suno_TTA_002.mp3"", ""TTA/udio/Tapes_Gumbel_udio_TTA_001.mp3"", ""TTA/udio/Tapes_Gumbel_udio_TTA_002.mp3""]","[""acestep"", ""audioldm"", ""brev"", ""diffrhythm"", ""elevenlabs"", ""mubert"", ""musicgen"", ""producer"", ""songgen"", ""suno"", ""udio""]","[""Electronic""]",14b0c76c6a691c42fadfab9fb6a4eb1ee8c628a2,metadata_complete,,unverified
116881,Killing Bosses - Gumbel,17198,fma:116881,fma_artist:17198,exact,http://freemusicarchive.org/music/Gumbel/8-bit_Love_Machine/Gumbel_-_8-bit_Love_Machine_EP_-_05_Killing_Bosses,Attribution,http://creativecommons.org/licenses/by/4.0/,Attribution,Killing Bosses,Gumbel,17198,3/26/2015 03:42:21 PM,,5,"[""TTA/acestep/Killing_Bosses_Gumbel_acestep_TTA_001.mp3"", ""TTA/audioldm/Killing_Bosses_Gumbel_audioldm_TTA_001.mp3"", ""TTA/diffrhythm/Killing_Bosses_Gumbel_diffrhythm_TTA_001.mp3"", ""TTA/musicgen/Killing_Bosses_Gumbel_musicgen_TTA_001.wav"", ""TTA/songgen/Killing_Bosses_Gumbel_songgen_TTA_001.mp3""]","[""acestep"", ""audioldm"", ""diffrhythm"", ""musicgen"", ""songgen""]","[""Electronic""]",14b0c76c6a691c42fadfab9fb6a4eb1ee8c628a2,metadata_complete,,unverified
118921,Westside Chillers - Little Glass Men,19453,fma:118921,fma_artist:19453,exact,http://freemusicarchive.org/music/Little_Glass_Men/Debut_EP/Westside_Chillers_WB,Attribution,http://creativecommons.org/licenses/by/4.0/,Attribution,Westside Chillers,Little Glass Men,19453,5/08/2015 02:06:43 AM,,5,"[""TTA/acestep/Westside_Chillers_Little_Glass_Men_acestep_TTA_001.mp3"", ""TTA/audioldm/Westside_Chillers_Little_Glass_Men_audioldm_TTA_001.mp3"", ""TTA/diffrhythm/Westside_Chillers_Little_Glass_Men_diffrhythm_TTA_001.mp3"", ""TTA/musicgen/Westside_Chillers_Little_Glass_Men_musicgen_TTA_001.wav"", ""TTA/songgen/Westside_Chillers_Little_Glass_Men_songgen_TTA_001.mp3""]","[""acestep"", ""audioldm"", ""diffrhythm"", ""musicgen"", ""songgen""]","[""Electronic""]",14b0c76c6a691c42fadfab9fb6a4eb1ee8c628a2,metadata_complete,,unverified
126294,Sheffield Hall - Andy G. Cohen,20985,fma:126294,fma_artist:20985,exact,http://freemusicarchive.org/music/Andy_G_Cohen/Layers_1240/Andy_G_Cohen_-_02_-_Sheffield_Hall,Attribution,http://creativecommons.org/licenses/by/4.0/,Attribution,Sheffield Hall,Andy G. Cohen,20985,10/14/2015 06:34:56 AM,,6,"[""TTA/acestep/Sheffield_Hall_Andy_G._Cohen_acestep_TTA_001.mp3"", ""TTA/audioldm/Sheffield_Hall_Andy_G._Cohen_audioldm_TTA_001.mp3"", ""TTA/diffrhythm/Sheffield_Hall_Andy_G._Cohen_diffrhythm_TTA_001.mp3"", ""TTA/musicgen/Sheffield_Hall_Andy_G_Cohen_musicgen_TTA_001.wav"", ""TTA/songgen/Sheffield_Hall_Andy_G._Cohen_songgen_TTA_001.mp3"", ""TTA/stableaudio/Sheffield_Hall_Andy_G._Cohen_stableaudio_TTA_001.mp3""]","[""acestep"", ""audioldm"", ""diffrhythm"", ""musicgen"", ""songgen"", ""stableaudio""]","[""Rock""]",14b0c76c6a691c42fadfab9fb6a4eb1ee8c628a2,metadata_complete,,unverified
126300,Scramby Eggs - Andy G. Cohen,20985,fma:126300,fma_artist:20985,exact,http://freemusicarchive.org/music/Andy_G_Cohen/Layers_1240/Andy_G_Cohen_-_08_-_Scramby_Eggs,Attribution,http://creativecommons.org/licenses/by/4.0/,Attribution,Scramby Eggs,Andy G. Cohen,20985,10/14/2015 06:35:06 AM,,16,"[""TTA/acestep/Scramby_Eggs_Andy_G._Cohen_acestep_TTA_001.mp3"", ""TTA/audioldm/Scramby_Eggs_Andy_G._Cohen_audioldm_TTA_001.mp3"", ""TTA/brev/Scramby_Eggs_Andy_G._Cohen_brev_TTA_001.mp3"", ""TTA/brev/Scramby_Eggs_Andy_G._Cohen_brev_TTA_002.mp3"", ""TTA/diffrhythm/Scramby_Eggs_Andy_G._Cohen_diffrhythm_TTA_001.mp3"", ""TTA/elevenlabs/Scramby_Eggs_Andy_G._Cohen_elevenlabs_TTA_001.mp3"", ""TTA/elevenlabs/Scramby_Eggs_Andy_G._Cohen_elevenlabs_TTA_002.mp3"", ""TTA/mubert/Scramby_Eggs_Andy_G._Cohen_mubert_TTA_001.mp3"", ""TTA/musicgen/Scramby_Eggs_Andy_G_Cohen_musicgen_TTA_001.wav"", ""TTA/producer/Scramby_Eggs_Andy_G._Cohen_producer_TTA_001.mp3"", ""TTA/songgen/Scramby_Eggs_Andy_G._Cohen_songgen_TTA_001.mp3"", ""TTA/stableaudio/Scramby_Eggs_Andy_G._Cohen_stableaudio_TTA_001.mp3"", ""TTA/suno/Scramby_Eggs_Andy_G._Cohen_suno_TTA_001.mp3"", ""TTA/suno/Scramby_Eggs_Andy_G._Cohen_suno_TTA_002.mp3"", ""TTA/udio/Scramby_Eggs_Andy_G._Cohen_udio_TTA_001.mp3"", ""TTA/udio/Scramby_Eggs_Andy_G._Cohen_udio_TTA_002.mp3""]","[""acestep"", ""audioldm"", ""brev"", ""diffrhythm"", ""elevenlabs"", ""mubert"", ""musicgen"", ""producer"", ""songgen"", ""stableaudio"", ""suno"", ""udio""]","[""Rock""]",14b0c76c6a691c42fadfab9fb6a4eb1ee8c628a2,metadata_complete,,unverified
127294,"Autopsy - Oh Yeah, the Future",21081,fma:127294,fma_artist:21081,exact,http://freemusicarchive.org/music/Oh_Yeah_the_Future_1152/New_brave_face/Oh_Yeah_the_Future_-_New_Brave_Face_-_01_Autopsy,Attribution,http://creativecommons.org/licenses/by/4.0/,Attribution,Autopsy,"Oh Yeah, the Future",21081,11/04/2015 11:44:49 AM,,15,"[""TTA/acestep/Autopsy_Oh_Yeah_the_Future_acestep_TTA_001.mp3"", ""TTA/audioldm/Autopsy_Oh_Yeah_the_Future_audioldm_TTA_001.mp3"", ""TTA/brev/Autopsy_Oh_Yeah_the_Future_brev_TTA_001.mp3"", ""TTA/brev/Autopsy_Oh_Yeah_the_Future_brev_TTA_002.mp3"", ""TTA/diffrhythm/Autopsy_Oh_Yeah_the_Future_diffrhythm_TTA_001.mp3"", ""TTA/elevenlabs/Autopsy_Oh_Yeah_the_Future_elevenlabs_TTA_001.mp3"", ""TTA/elevenlabs/Autopsy_Oh_Yeah_the_Future_elevenlabs_TTA_002.mp3"", ""TTA/mubert/Autopsy_Oh_Yeah_the_Future_mubert_TTA_001.mp3"", ""TTA/musicgen/Autopsy_Oh_Yeah_the_Future_musicgen_TTA_001.wav"", ""TTA/producer/Autopsy_Oh_Yeah_the_Future_producer_TTA_001.mp3"", ""TTA/songgen/Autopsy_Oh_Yeah_the_Future_songgen_TTA_001.mp3"", ""TTA/suno/Autopsy_Oh_Yeah_the_Future_suno_TTA_001.mp3"", ""TTA/suno/Autopsy_Oh_Yeah_the_Future_suno_TTA_002.mp3"", ""TTA/udio/Autopsy_Oh_Yeah_the_Future_udio_TTA_001.mp3"", ""TTA/udio/Autopsy_Oh_Yeah_the_Future_udio_TTA_002.mp3""]","[""acestep"", ""audioldm"", ""brev"", ""diffrhythm"", ""elevenlabs"", ""mubert"", ""musicgen"", ""producer"", ""songgen"", ""suno"", ""udio""]","[""Pop""]",14b0c76c6a691c42fadfab9fb6a4eb1ee8c628a2,metadata_complete,,unverified
127295,"Hungry - Oh Yeah, the Future",21081,fma:127295,fma_artist:21081,exact,http://freemusicarchive.org/music/Oh_Yeah_the_Future_1152/New_brave_face/Oh_Yeah_the_Future_-_New_Brave_Face_-_02_Hungry,Attribution,http://creativecommons.org/licenses/by/4.0/,Attribution,Hungry,"Oh Yeah, the Future",21081,11/04/2015 11:44:49 AM,,15,"[""TTA/acestep/Hungry_Oh_Yeah_the_Future_acestep_TTA_001.mp3"", ""TTA/audioldm/Hungry_Oh_Yeah_the_Future_audioldm_TTA_001.mp3"", ""TTA/brev/Hungry_Oh_Yeah_the_Future_brev_TTA_001.mp3"", ""TTA/brev/Hungry_Oh_Yeah_the_Future_brev_TTA_002.mp3"", ""TTA/diffrhythm/Hungry_Oh_Yeah_the_Future_diffrhythm_TTA_001.mp3"", ""TTA/elevenlabs/Hungry_Oh_Yeah_the_Future_elevenlabs_TTA_001.mp3"", ""TTA/elevenlabs/Hungry_Oh_Yeah_the_Future_elevenlabs_TTA_002.mp3"", ""TTA/mubert/Hungry_Oh_Yeah_the_Future_mubert_TTA_001.mp3"", ""TTA/musicgen/Hungry_Oh_Yeah_the_Future_musicgen_TTA_001.wav"", ""TTA/producer/Hungry_Oh_Yeah_the_Future_producer_TTA_001.mp3"", ""TTA/songgen/Hungry_Oh_Yeah_the_Future_songgen_TTA_001.mp3"", ""TTA/suno/Hungry_Oh_Yeah_the_Future_suno_TTA_001.mp3"", ""TTA/suno/Hungry_Oh_Yeah_the_Future_suno_TTA_002.mp3"", ""TTA/udio/Hungry_Oh_Yeah_the_Future_udio_TTA_001.mp3"", ""TTA/udio/Hungry_Oh_Yeah_the_Future_udio_TTA_002.mp3""]","[""acestep"", ""audioldm"", ""brev"", ""diffrhythm"", ""elevenlabs"", ""mubert"", ""musicgen"", ""producer"", ""songgen"", ""suno"", ""udio""]","[""Pop""]",14b0c76c6a691c42fadfab9fb6a4eb1ee8c628a2,metadata_complete,,unverified
127296,"First Glance - Oh Yeah, the Future",21081,fma:127296,fma_artist:21081,exact,http://freemusicarchive.org/music/Oh_Yeah_the_Future_1152/New_brave_face/Oh_Yeah_the_Future_-_New_Brave_Face_-_03_First_Glance,Attribution,http://creativecommons.org/licenses/by/4.0/,Attribution,First Glance,"Oh Yeah, the Future",21081,11/04/2015 11:44:50 AM,,14,"[""TTA/acestep/First_Glance_Oh_Yeah_the_Future_acestep_TTA_001.mp3"", ""TTA/brev/First_Glance_Oh_Yeah_the_Future_brev_TTA_001.mp3"", ""TTA/brev/First_Glance_Oh_Yeah_the_Future_brev_TTA_002.mp3"", ""TTA/diffrhythm/First_Glance_Oh_Yeah_the_Future_diffrhythm_TTA_001.mp3"", ""TTA/elevenlabs/First_Glance_Oh_Yeah_the_Future_elevenlabs_TTA_001.mp3"", ""TTA/elevenlabs/First_Glance_Oh_Yeah_the_Future_elevenlabs_TTA_002.mp3"", ""TTA/musicgen/First_Glance_Oh_Yeah_the_Future_musicgen_TTA_001.wav"", ""TTA/producer/First_Glance_Oh_Yeah_the_Future_producer_TTA_001.mp3"", ""TTA/songgen/First_Glance_Oh_Yeah_the_Future_songgen_TTA_001.mp3"", ""TTA/stableaudio/First_Glance_Oh_Yeah_the_Future_stableaudio_TTA_001.mp3"", ""TTA/suno/First_Glance_Oh_Yeah_the_Future_suno_TTA_001.mp3"", ""TTA/suno/First_Glance_Oh_Yeah_the_Future_suno_TTA_002.mp3"", ""TTA/udio/First_Glance_Oh_Yeah_the_Future_udio_TTA_001.mp3"", ""TTA/udio/First_Glance_Oh_Yeah_the_Future_udio_TTA_002.mp3""]","[""acestep"", ""brev"", ""diffrhythm"", ""elevenlabs"", ""musicgen"", ""producer"", ""songgen"", ""stableaudio"", ""suno"", ""udio""]","[""Pop""]",14b0c76c6a691c42fadfab9fb6a4eb1ee8c628a2,metadata_complete,,unverified
127297,"The Pursuit of Unintentional Humor - Oh Yeah, the Future",21081,fma:127297,fma_artist:21081,exact,http://freemusicarchive.org/music/Oh_Yeah_the_Future_1152/New_brave_face/Oh_Yeah_the_Future_-_New_Brave_Face_-_04_The_Pursuit_of_Unintentional_Humor,Attribution,http://creativecommons.org/licenses/by/4.0/,Attribution,The Pursuit of Unintentional Humor,"Oh Yeah, the Future",21081,11/04/2015 11:44:52 AM,,6,"[""TTA/acestep/The_Pursuit_of_Unintentional_Humor_Oh_Yeah_the_Future_acestep_TTA_001.mp3"", ""TTA/audioldm/The_Pursuit_of_Unintentional_Humor_Oh_Yeah_the_Future_audioldm_TTA_001.mp3"", ""TTA/diffrhythm/The_Pursuit_of_Unintentional_Humor_Oh_Yeah_the_Future_diffrhythm_TTA_001.mp3"", ""TTA/musicgen/The_Pursuit_of_Unintentional_Humor_Oh_Yeah_the_Future_musicgen_TTA_001.wav"", ""TTA/songgen/The_Pursuit_of_Unintentional_Humor_Oh_Yeah_the_Future_songgen_TTA_001.mp3"", ""TTA/stableaudio/The_Pursuit_of_Unintentional_Humor_Oh_Yeah_the_Future_stableaudio_TTA_001.mp3""]","[""acestep"", ""audioldm"", ""diffrhythm"", ""musicgen"", ""songgen"", ""stableaudio""]","[""Pop""]",14b0c76c6a691c42fadfab9fb6a4eb1ee8c628a2,metadata_complete,,unverified
127298,"Lovedreams - Oh Yeah, the Future",21081,fma:127298,fma_artist:21081,exact,http://freemusicarchive.org/music/Oh_Yeah_the_Future_1152/New_brave_face/Oh_Yeah_the_Future_-_New_Brave_Face_-_05_Lovedreams,Attribution,http://creativecommons.org/licenses/by/4.0/,Attribution,Lovedreams,"Oh Yeah, the Future",21081,11/04/2015 11:44:53 AM,,15,"[""TTA/acestep/Lovedreams_Oh_Yeah_the_Future_acestep_TTA_001.mp3"", ""TTA/audioldm/Lovedreams_Oh_Yeah_the_Future_audioldm_TTA_001.mp3"", ""TTA/brev/Lovedreams_Oh_Yeah_the_Future_brev_TTA_001.mp3"", ""TTA/brev/Lovedreams_Oh_Yeah_the_Future_brev_TTA_002.mp3"", ""TTA/diffrhythm/Lovedreams_Oh_Yeah_the_Future_diffrhythm_TTA_001.mp3"", ""TTA/elevenlabs/Lovedreams_Oh_Yeah_the_Future_elevenlabs_TTA_001.mp3"", ""TTA/elevenlabs/Lovedreams_Oh_Yeah_the_Future_elevenlabs_TTA_002.mp3"", ""TTA/mubert/Lovedreams_Oh_Yeah_the_Future_mubert_TTA_001.mp3"", ""TTA/musicgen/Lovedreams_Oh_Yeah_the_Future_musicgen_TTA_001.wav"", ""TTA/producer/Lovedreams_Oh_Yeah_the_Future_producer_TTA_001.mp3"", ""TTA/songgen/Lovedreams_Oh_Yeah_the_Future_songgen_TTA_001.mp3"", ""TTA/suno/Lovedreams_Oh_Yeah_the_Future_suno_TTA_001.mp3"", ""TTA/suno/Lovedreams_Oh_Yeah_the_Future_suno_TTA_002.mp3"", ""TTA/udio/Lovedreams_Oh_Yeah_the_Future_udio_TTA_001.mp3"", ""TTA/udio/Lovedreams_Oh_Yeah_the_Future_udio_TTA_002.mp3""]","[""acestep"", ""audioldm"", ""brev"", ""diffrhythm"", ""elevenlabs"", ""mubert"", ""musicgen"", ""producer"", ""songgen"", ""suno"", ""udio""]","[""Pop""]",14b0c76c6a691c42fadfab9fb6a4eb1ee8c628a2,metadata_complete,,unverified
127299,"With the Summer - Oh Yeah, the Future",21081,fma:127299,fma_artist:21081,exact,http://freemusicarchive.org/music/Oh_Yeah_the_Future_1152/New_brave_face/Oh_Yeah_the_Future_-_New_Brave_Face_-_06_With_the_Summer,Attribution,http://creativecommons.org/licenses/by/4.0/,Attribution,With the Summer,"Oh Yeah, the Future",21081,11/04/2015 11:44:54 AM,,6,"[""TTA/acestep/With_the_Summer_Oh_Yeah_the_Future_acestep_TTA_001.mp3"", ""TTA/audioldm/With_the_Summer_Oh_Yeah_the_Future_audioldm_TTA_001.mp3"", ""TTA/diffrhythm/With_the_Summer_Oh_Yeah_the_Future_diffrhythm_TTA_001.mp3"", ""TTA/musicgen/With_the_Summer_Oh_Yeah_the_Future_musicgen_TTA_001.wav"", ""TTA/songgen/With_the_Summer_Oh_Yeah_the_Future_songgen_TTA_001.mp3"", ""TTA/stableaudio/With_the_Summer_Oh_Yeah_the_Future_stableaudio_TTA_001.mp3""]","[""acestep"", ""audioldm"", ""diffrhythm"", ""musicgen"", ""songgen"", ""stableaudio""]","[""Pop""]",14b0c76c6a691c42fadfab9fb6a4eb1ee8c628a2,metadata_complete,,unverified
127300,"Lackadaisical - Oh Yeah, the Future",21081,fma:127300,fma_artist:21081,exact,http://freemusicarchive.org/music/Oh_Yeah_the_Future_1152/New_brave_face/Oh_Yeah_the_Future_-_New_Brave_Face_-_07_Lackadaisical,Attribution,http://creativecommons.org/licenses/by/4.0/,Attribution,Lackadaisical,"Oh Yeah, the Future",21081,11/04/2015 11:44:55 AM,,15,"[""TTA/acestep/Lackadaisical_Oh_Yeah_the_Future_acestep_TTA_001.mp3"", ""TTA/audioldm/Lackadaisical_Oh_Yeah_the_Future_audioldm_TTA_001.mp3"", ""TTA/brev/Lackadaisical_Oh_Yeah_the_Future_brev_TTA_001.mp3"", ""TTA/brev/Lackadaisical_Oh_Yeah_the_Future_brev_TTA_002.mp3"", ""TTA/diffrhythm/Lackadaisical_Oh_Yeah_the_Future_diffrhythm_TTA_001.mp3"", ""TTA/elevenlabs/Lackadaisical_Oh_Yeah_the_Future_elevenlabs_TTA_001.mp3"", ""TTA/elevenlabs/Lackadaisical_Oh_Yeah_the_Future_elevenlabs_TTA_002.mp3"", ""TTA/mubert/Lackadaisical_Oh_Yeah_the_Future_mubert_TTA_001.mp3"", ""TTA/musicgen/Lackadaisical_Oh_Yeah_the_Future_musicgen_TTA_001.wav"", ""TTA/producer/Lackadaisical_Oh_Yeah_the_Future_producer_TTA_001.mp3"", ""TTA/songgen/Lackadaisical_Oh_Yeah_the_Future_songgen_TTA_001.mp3"", ""TTA/suno/Lackadaisical_Oh_Yeah_the_Future_suno_TTA_001.mp3"", ""TTA/suno/Lackadaisical_Oh_Yeah_the_Future_suno_TTA_002.mp3"", ""TTA/udio/Lackadaisical_Oh_Yeah_the_Future_udio_TTA_001.mp3"", ""TTA/udio/Lackadaisical_Oh_Yeah_the_Future_udio_TTA_002.mp3""]","[""acestep"", ""audioldm"", ""brev"", ""diffrhythm"", ""elevenlabs"", ""mubert"", ""musicgen"", ""producer"", ""songgen"", ""suno"", ""udio""]","[""Pop""]",14b0c76c6a691c42fadfab9fb6a4eb1ee8c628a2,metadata_complete,,unverified
127301,"New Brave Face - Oh Yeah, the Future",21081,fma:127301,fma_artist:21081,exact,http://freemusicarchive.org/music/Oh_Yeah_the_Future_1152/New_brave_face/Oh_Yeah_the_Future_-_New_Brave_Face_-_08_New_Brave_Face,Attribution,http://creativecommons.org/licenses/by/4.0/,Attribution,New Brave Face,"Oh Yeah, the Future",21081,11/04/2015 11:44:56 AM,,8,"[""TTA/acestep/New_Brave_Face_Oh_Yeah_the_Future_acestep_TTA_001.mp3"", ""TTA/audioldm/New_Brave_Face_Oh_Yeah_the_Future_audioldm_TTA_001.mp3"", ""TTA/diffrhythm/New_Brave_Face_Oh_Yeah_the_Future_diffrhythm_TTA_001.mp3"", ""TTA/musicgen/New_Brave_Face_Oh_Yeah_the_Future_musicgen_TTA_001.wav"", ""TTA/songgen/New_Brave_Face_Oh_Yeah_the_Future_songgen_TTA_001.mp3"", ""TTA/stableaudio/New_Brave_Face_Oh_Yeah_the_Future_stableaudio_TTA_001.mp3"", ""TTA/stableaudio/New_Brave_Face_Oh_Yeah_the_Future_stableaudio_TTA_002.mp3"", ""TTA/stableaudio/New_Brave_Face_Oh_Yeah_the_Future_stableaudio_TTA_003.mp3""]","[""acestep"", ""audioldm"", ""diffrhythm"", ""musicgen"", ""songgen"", ""stableaudio""]","[""Pop""]",14b0c76c6a691c42fadfab9fb6a4eb1ee8c628a2,metadata_complete,,unverified
127302,"Roundtrip - Oh Yeah, the Future",21081,fma:127302,fma_artist:21081,exact,http://freemusicarchive.org/music/Oh_Yeah_the_Future_1152/New_brave_face/Oh_Yeah_the_Future_-_New_Brave_Face_-_09_Roundtrip,Attribution,http://creativecommons.org/licenses/by/4.0/,Attribution,Roundtrip,"Oh Yeah, the Future",21081,11/04/2015 11:44:57 AM,,15,"[""TTA/acestep/Roundtrip_Oh_Yeah_the_Future_acestep_TTA_001.mp3"", ""TTA/audioldm/Roundtrip_Oh_Yeah_the_Future_audioldm_TTA_001.mp3"", ""TTA/brev/Roundtrip_Oh_Yeah_the_Future_brev_TTA_001.mp3"", ""TTA/brev/Roundtrip_Oh_Yeah_the_Future_brev_TTA_002.mp3"", ""TTA/diffrhythm/Roundtrip_Oh_Yeah_the_Future_diffrhythm_TTA_001.mp3"", ""TTA/elevenlabs/Roundtrip_Oh_Yeah_the_Future_elevenlabs_TTA_001.mp3"", ""TTA/elevenlabs/Roundtrip_Oh_Yeah_the_Future_elevenlabs_TTA_002.mp3"", ""TTA/mubert/Roundtrip_Oh_Yeah_the_Future_mubert_TTA_001.mp3"", ""TTA/musicgen/Roundtrip_Oh_Yeah_the_Future_musicgen_TTA_001.wav"", ""TTA/producer/Roundtrip_Oh_Yeah_the_Future_producer_TTA_001.mp3"", ""TTA/songgen/Roundtrip_Oh_Yeah_the_Future_songgen_TTA_001.mp3"", ""TTA/suno/Roundtrip_Oh_Yeah_the_Future_suno_TTA_001.mp3"", ""TTA/suno/Roundtrip_Oh_Yeah_the_Future_suno_TTA_002.mp3"", ""TTA/udio/Roundtrip_Oh_Yeah_the_Future_udio_TTA_001.mp3"", ""TTA/udio/Roundtrip_Oh_Yeah_the_Future_udio_TTA_002.mp3""]","[""acestep"", ""audioldm"", ""brev"", ""diffrhythm"", ""elevenlabs"", ""mubert"", ""musicgen"", ""producer"", ""songgen"", ""suno"", ""udio""]","[""Pop""]",14b0c76c6a691c42fadfab9fb6a4eb1ee8c628a2,metadata_complete,,unverified
127303,"Snowday - Oh Yeah, the Future",21081,fma:127303,fma_artist:21081,exact,http://freemusicarchive.org/music/Oh_Yeah_the_Future_1152/New_brave_face/Oh_Yeah_the_Future_-_New_Brave_Face_-_10_Snowday,Attribution,http://creativecommons.org/licenses/by/4.0/,Attribution,Snowday,"Oh Yeah, the Future",21081,11/04/2015 11:44:59 AM,,5,"[""TTA/acestep/Snowday_Oh_Yeah_the_Future_acestep_TTA_001.mp3"", ""TTA/audioldm/Snowday_Oh_Yeah_the_Future_audioldm_TTA_001.mp3"", ""TTA/diffrhythm/Snowday_Oh_Yeah_the_Future_diffrhythm_TTA_001.mp3"", ""TTA/musicgen/Snowday_Oh_Yeah_the_Future_musicgen_TTA_001.wav"", ""TTA/songgen/Snowday_Oh_Yeah_the_Future_songgen_TTA_001.mp3""]","[""acestep"", ""audioldm"", ""diffrhythm"", ""musicgen"", ""songgen""]","[""Pop""]",14b0c76c6a691c42fadfab9fb6a4eb1ee8c628a2,metadata_complete,,unverified
129962,Lights Up - Pipe Choir,19164,fma:129962,fma_artist:19164,exact,http://freemusicarchive.org/music/Pipe_Choir/Pipe_Choir/Lights_Up,Attribution,http://creativecommons.org/licenses/by/4.0/,Attribution,Lights Up,Pipe Choir,19164,1/01/2016 01:31:52 PM,,6,"[""TTA/acestep/Lights_Up_Pipe_Choir_acestep_TTA_001.mp3"", ""TTA/audioldm/Lights_Up_Pipe_Choir_audioldm_TTA_001.mp3"", ""TTA/diffrhythm/Lights_Up_Pipe_Choir_diffrhythm_TTA_001.mp3"", ""TTA/musicgen/Lights_Up_Pipe_Choir_musicgen_TTA_001.wav"", ""TTA/songgen/Lights_Up_Pipe_Choir_songgen_TTA_001.mp3"", ""TTA/stableaudio/Lights_Up_Pipe_Choir_stableaudio_TTA_001.mp3""]","[""acestep"", ""audioldm"", ""diffrhythm"", ""musicgen"", ""songgen"", ""stableaudio""]","[""Rock""]",14b0c76c6a691c42fadfab9fb6a4eb1ee8c628a2,metadata_complete,,unverified
129968,Infinite Light - Pipe Choir,19164,fma:129968,fma_artist:19164,exact,http://freemusicarchive.org/music/Pipe_Choir/Pipe_Choir/Infinite_Light,Attribution,http://creativecommons.org/licenses/by/4.0/,Attribution,Infinite Light,Pipe Choir,19164,1/01/2016 01:33:22 PM,,16,"[""TTA/acestep/Infinite_Light_Pipe_Choir_acestep_TTA_001.mp3"", ""TTA/audioldm/Infinite_Light_Pipe_Choir_audioldm_TTA_001.mp3"", ""TTA/brev/Infinite_Light_Pipe_Choir_brev_TTA_001.mp3"", ""TTA/brev/Infinite_Light_Pipe_Choir_brev_TTA_002.mp3"", ""TTA/diffrhythm/Infinite_Light_Pipe_Choir_diffrhythm_TTA_001.mp3"", ""TTA/elevenlabs/Infinite_Light_Pipe_Choir_elevenlabs_TTA_001.mp3"", ""TTA/elevenlabs/Infinite_Light_Pipe_Choir_elevenlabs_TTA_002.mp3"", ""TTA/mubert/Infinite_Light_Pipe_Choir_mubert_TTA_001.mp3"", ""TTA/musicgen/Infinite_Light_Pipe_Choir_musicgen_TTA_001.wav"", ""TTA/producer/Infinite_Light_Pipe_Choir_producer_TTA_001.mp3"", ""TTA/songgen/Infinite_Light_Pipe_Choir_songgen_TTA_001.mp3"", ""TTA/stableaudio/Infinite_Light_Pipe_Choir_stableaudio_TTA_001.mp3"", ""TTA/suno/Infinite_Light_Pipe_Choir_suno_TTA_001.mp3"", ""TTA/suno/Infinite_Light_Pipe_Choir_suno_TTA_002.mp3"", ""TTA/udio/Infinite_Light_Pipe_Choir_udio_TTA_001.mp3"", ""TTA/udio/Infinite_Light_Pipe_Choir_udio_TTA_002.mp3""]","[""acestep"", ""audioldm"", ""brev"", ""diffrhythm"", ""elevenlabs"", ""mubert"", ""musicgen"", ""producer"", ""songgen"", ""stableaudio"", ""suno"", ""udio""]","[""Rock""]",14b0c76c6a691c42fadfab9fb6a4eb1ee8c628a2,metadata_complete,,unverified
129969,Sonzis FM - Pipe Choir,19164,fma:129969,fma_artist:19164,exact,http://freemusicarchive.org/music/Pipe_Choir/Pipe_Choir/Sonzis_FM,Attribution,http://creativecommons.org/licenses/by/4.0/,Attribution,Sonzis FM,Pipe Choir,19164,1/01/2016 01:33:35 PM,,6,"[""TTA/acestep/Sonzis_FM_Pipe_Choir_acestep_TTA_001.mp3"", ""TTA/audioldm/Sonzis_FM_Pipe_Choir_audioldm_TTA_001.mp3"", ""TTA/diffrhythm/Sonzis_FM_Pipe_Choir_diffrhythm_TTA_001.mp3"", ""TTA/musicgen/Sonzis_FM_Pipe_Choir_musicgen_TTA_001.wav"", ""TTA/songgen/Sonzis_FM_Pipe_Choir_songgen_TTA_001.mp3"", ""TTA/stableaudio/Sonzis_FM_Pipe_Choir_stableaudio_TTA_001.mp3""]","[""acestep"", ""audioldm"", ""diffrhythm"", ""musicgen"", ""songgen"", ""stableaudio""]","[""Rock""]",14b0c76c6a691c42fadfab9fb6a4eb1ee8c628a2,metadata_complete,,unverified
129972,Mettle - Pipe Choir,19164,fma:129972,fma_artist:19164,exact,http://freemusicarchive.org/music/Pipe_Choir/Pipe_Choir/Mettle,Attribution,http://creativecommons.org/licenses/by/4.0/,Attribution,Mettle,Pipe Choir,19164,1/01/2016 07:12:54 PM,,16,"[""TTA/acestep/Mettle_Pipe_Choir_acestep_TTA_001.mp3"", ""TTA/audioldm/Mettle_Pipe_Choir_audioldm_TTA_001.mp3"", ""TTA/brev/Mettle_Pipe_Choir_brev_TTA_001.mp3"", ""TTA/brev/Mettle_Pipe_Choir_brev_TTA_002.mp3"", ""TTA/diffrhythm/Mettle_Pipe_Choir_diffrhythm_TTA_001.mp3"", ""TTA/elevenlabs/Mettle_Pipe_Choir_elevenlabs_TTA_001.mp3"", ""TTA/elevenlabs/Mettle_Pipe_Choir_elevenlabs_TTA_002.mp3"", ""TTA/mubert/Mettle_Pipe_Choir_mubert_TTA_001.mp3"", ""TTA/musicgen/Mettle_Pipe_Choir_musicgen_TTA_001.wav"", ""TTA/producer/Mettle_Pipe_Choir_producer_TTA_001.mp3"", ""TTA/songgen/Mettle_Pipe_Choir_songgen_TTA_001.mp3"", ""TTA/stableaudio/Mettle_Pipe_Choir_stableaudio_TTA_001.mp3"", ""TTA/suno/Mettle_Pipe_Choir_suno_TTA_001.mp3"", ""TTA/suno/Mettle_Pipe_Choir_suno_TTA_002.mp3"", ""TTA/udio/Mettle_Pipe_Choir_udio_TTA_001.mp3"", ""TTA/udio/Mettle_Pipe_Choir_udio_TTA_002.mp3""]","[""acestep"", ""audioldm"", ""brev"", ""diffrhythm"", ""elevenlabs"", ""mubert"", ""musicgen"", ""producer"", ""songgen"", ""stableaudio"", ""suno"", ""udio""]","[""Rock""]",14b0c76c6a691c42fadfab9fb6a4eb1ee8c628a2,metadata_complete,,unverified
130129,Artificial anxiety - Michett,21456,fma:130129,fma_artist:21456,exact,http://freemusicarchive.org/music/Michett/Palettes/Michett-Artificial_anxiety,Attribution,http://creativecommons.org/licenses/by/4.0/,Attribution,Artificial anxiety,Michett,21456,1/04/2016 06:40:59 PM,,5,"[""TTA/acestep/Artificial_anxiety_Michett_acestep_TTA_001.mp3"", ""TTA/audioldm/Artificial_anxiety_Michett_audioldm_TTA_001.mp3"", ""TTA/diffrhythm/Artificial_anxiety_Michett_diffrhythm_TTA_001.mp3"", ""TTA/musicgen/Artificial_anxiety_Michett_musicgen_TTA_001.wav"", ""TTA/songgen/Artificial_anxiety_Michett_songgen_TTA_001.mp3""]","[""acestep"", ""audioldm"", ""diffrhythm"", ""musicgen"", ""songgen""]","[""Electronic""]",14b0c76c6a691c42fadfab9fb6a4eb1ee8c628a2,metadata_complete,,unverified
130137,Yurtology - Michett,21456,fma:130137,fma_artist:21456,exact,http://freemusicarchive.org/music/Michett/Palettes/Michett-Yurtology,Attribution,http://creativecommons.org/licenses/by/4.0/,Attribution,Yurtology,Michett,21456,1/04/2016 06:41:07 PM,,5,"[""TTA/acestep/Yurtology_Michett_acestep_TTA_001.mp3"", ""TTA/audioldm/Yurtology_Michett_audioldm_TTA_001.mp3"", ""TTA/diffrhythm/Yurtology_Michett_diffrhythm_TTA_001.mp3"", ""TTA/musicgen/Yurtology_Michett_musicgen_TTA_001.wav"", ""TTA/songgen/Yurtology_Michett_songgen_TTA_001.mp3""]","[""acestep"", ""audioldm"", ""diffrhythm"", ""musicgen"", ""songgen""]","[""Electronic""]",14b0c76c6a691c42fadfab9fb6a4eb1ee8c628a2,metadata_complete,,unverified
135336,Slow and Steady - Caleb Lemond,21957,fma:135336,fma_artist:21957,exact,http://freemusicarchive.org/music/Caleb_Lemond/The_Learning_Curve/Slow_and_Steady,Attribution,http://creativecommons.org/licenses/by/4.0/,Attribution,Slow and Steady,Caleb Lemond,21957,4/13/2016 05:54:32 PM,,6,"[""TTA/acestep/Slow_and_Steady_Caleb_Lemond_acestep_TTA_001.mp3"", ""TTA/audioldm/Slow_and_Steady_Caleb_Lemond_audioldm_TTA_001.mp3"", ""TTA/diffrhythm/Slow_and_Steady_Caleb_Lemond_diffrhythm_TTA_001.mp3"", ""TTA/musicgen/Slow_and_Steady_Caleb_Lemond_musicgen_TTA_001.wav"", ""TTA/songgen/Slow_and_Steady_Caleb_Lemond_songgen_TTA_001.mp3"", ""TTA/stableaudio/Slow_and_Steady_Caleb_Lemond_stableaudio_TTA_001.mp3""]","[""acestep"", ""audioldm"", ""diffrhythm"", ""musicgen"", ""songgen"", ""stableaudio""]","[""Pop""]",14b0c76c6a691c42fadfab9fb6a4eb1ee8c628a2,metadata_complete,,unverified
135337,The Dream and the Dreamer - Caleb Lemond,21957,fma:135337,fma_artist:21957,exact,http://freemusicarchive.org/music/Caleb_Lemond/The_Learning_Curve/The_Dream_and_the_Dreamer,Attribution,http://creativecommons.org/licenses/by/4.0/,Attribution,The Dream and the Dreamer,Caleb Lemond,21957,4/13/2016 05:54:33 PM,,16,"[""TTA/acestep/The_Dream_and_the_Dreamer_Caleb_Lemond_acestep_TTA_001.mp3"", ""TTA/audioldm/The_Dream_and_the_Dreamer_Caleb_Lemond_audioldm_TTA_001.mp3"", ""TTA/brev/The_Dream_and_the_Dreamer_Caleb_Lemond_brev_TTA_001.mp3"", ""TTA/brev/The_Dream_and_the_Dreamer_Caleb_Lemond_brev_TTA_002.mp3"", ""TTA/diffrhythm/The_Dream_and_the_Dreamer_Caleb_Lemond_diffrhythm_TTA_001.mp3"", ""TTA/elevenlabs/The_Dream_and_the_Dreamer_Caleb_Lemond_elevenlabs_TTA_001.mp3"", ""TTA/elevenlabs/The_Dream_and_the_Dreamer_Caleb_Lemond_elevenlabs_TTA_002.mp3"", ""TTA/mubert/The_Dream_and_the_Dreamer_Caleb_Lemond_mubert_TTA_001.mp3"", ""TTA/musicgen/The_Dream_and_the_Dreamer_Caleb_Lemond_musicgen_TTA_001.wav"", ""TTA/producer/The_Dream_and_the_Dreamer_Caleb_Lemond_producer_TTA_001.mp3"", ""TTA/songgen/The_Dream_and_the_Dreamer_Caleb_Lemond_songgen_TTA_001.mp3"", ""TTA/stableaudio/The_Dream_and_the_Dreamer_Caleb_Lemond_stableaudio_TTA_001.mp3"", ""TTA/suno/The_Dream_and_the_Dreamer_Caleb_Lemond_suno_TTA_001.mp3"", ""TTA/suno/The_Dream_and_the_Dreamer_Caleb_Lemond_suno_TTA_002.mp3"", ""TTA/udio/The_Dream_and_the_Dreamer_Caleb_Lemond_udio_TTA_001.mp3"", ""TTA/udio/The_Dream_and_the_Dreamer_Caleb_Lemond_udio_TTA_002.mp3""]","[""acestep"", ""audioldm"", ""brev"", ""diffrhythm"", ""elevenlabs"", ""mubert"", ""musicgen"", ""producer"", ""songgen"", ""stableaudio"", ""suno"", ""udio""]","[""Pop""]",14b0c76c6a691c42fadfab9fb6a4eb1ee8c628a2,metadata_complete,,unverified
135338,The Coldest Winter - Caleb Lemond,21957,fma:135338,fma_artist:21957,exact,http://freemusicarchive.org/music/Caleb_Lemond/The_Learning_Curve/The_Coldest_Winter,Attribution,http://creativecommons.org/licenses/by/4.0/,Attribution,The Coldest Winter,Caleb Lemond,21957,4/13/2016 05:54:35 PM,,16,"[""TTA/acestep/The_Coldest_Winter_Caleb_Lemond_acestep_TTA_001.mp3"", ""TTA/audioldm/The_Coldest_Winter_Caleb_Lemond_audioldm_TTA_001.mp3"", ""TTA/brev/The_Coldest_Winter_Caleb_Lemond_brev_TTA_001.mp3"", ""TTA/brev/The_Coldest_Winter_Caleb_Lemond_brev_TTA_002.mp3"", ""TTA/diffrhythm/The_Coldest_Winter_Caleb_Lemond_diffrhythm_TTA_001.mp3"", ""TTA/elevenlabs/The_Coldest_Winter_Caleb_Lemond_elevenlabs_TTA_001.mp3"", ""TTA/elevenlabs/The_Coldest_Winter_Caleb_Lemond_elevenlabs_TTA_002.mp3"", ""TTA/mubert/The_Coldest_Winter_Caleb_Lemond_mubert_TTA_001.mp3"", ""TTA/musicgen/The_Coldest_Winter_Caleb_Lemond_musicgen_TTA_001.wav"", ""TTA/producer/The_Coldest_Winter_Caleb_Lemond_producer_TTA_001.mp3"", ""TTA/songgen/The_Coldest_Winter_Caleb_Lemond_songgen_TTA_001.mp3"", ""TTA/stableaudio/The_Coldest_Winter_Caleb_Lemond_stableaudio_TTA_001.mp3"", ""TTA/suno/The_Coldest_Winter_Caleb_Lemond_suno_TTA_001.mp3"", ""TTA/suno/The_Coldest_Winter_Caleb_Lemond_suno_TTA_002.mp3"", ""TTA/udio/The_Coldest_Winter_Caleb_Lemond_udio_TTA_001.mp3"", ""TTA/udio/The_Coldest_Winter_Caleb_Lemond_udio_TTA_002.mp3""]","[""acestep"", ""audioldm"", ""brev"", ""diffrhythm"", ""elevenlabs"", ""mubert"", ""musicgen"", ""producer"", ""songgen"", ""stableaudio"", ""suno"", ""udio""]","[""Pop""]",14b0c76c6a691c42fadfab9fb6a4eb1ee8c628a2,metadata_complete,,unverified
135339,I Think From Now On - Caleb Lemond,21957,fma:135339,fma_artist:21957,exact,http://freemusicarchive.org/music/Caleb_Lemond/The_Learning_Curve/I_Think_From_Now_On,Attribution,http://creativecommons.org/licenses/by/4.0/,Attribution,I Think From Now On,Caleb Lemond,21957,4/13/2016 05:54:36 PM,,16,"[""TTA/acestep/I_Think_From_Now_On_Caleb_Lemond_acestep_TTA_001.mp3"", ""TTA/audioldm/I_Think_From_Now_On_Caleb_Lemond_audioldm_TTA_001.mp3"", ""TTA/brev/I_Think_From_Now_On_Caleb_Lemond_brev_TTA_001.mp3"", ""TTA/brev/I_Think_From_Now_On_Caleb_Lemond_brev_TTA_002.mp3"", ""TTA/diffrhythm/I_Think_From_Now_On_Caleb_Lemond_diffrhythm_TTA_001.mp3"", ""TTA/elevenlabs/I_Think_From_Now_On_Caleb_Lemond_elevenlabs_TTA_001.mp3"", ""TTA/elevenlabs/I_Think_From_Now_On_Caleb_Lemond_elevenlabs_TTA_002.mp3"", ""TTA/mubert/I_Think_From_Now_On_Caleb_Lemond_mubert_TTA_001.mp3"", ""TTA/musicgen/I_Think_From_Now_On_Caleb_Lemond_musicgen_TTA_001.wav"", ""TTA/producer/I_Think_From_Now_On_Caleb_Lemond_producer_TTA_001.mp3"", ""TTA/songgen/I_Think_From_Now_On_Caleb_Lemond_songgen_TTA_001.mp3"", ""TTA/stableaudio/I_Think_From_Now_On_Caleb_Lemond_stableaudio_TTA_001.mp3"", ""TTA/suno/I_Think_From_Now_On_Caleb_Lemond_suno_TTA_001.mp3"", ""TTA/suno/I_Think_From_Now_On_Caleb_Lemond_suno_TTA_002.mp3"", ""TTA/udio/I_Think_From_Now_On_Caleb_Lemond_udio_TTA_001.mp3"", ""TTA/udio/I_Think_From_Now_On_Caleb_Lemond_udio_TTA_002.mp3""]","[""acestep"", ""audioldm"", ""brev"", ""diffrhythm"", ""elevenlabs"", ""mubert"", ""musicgen"", ""producer"", ""songgen"", ""stableaudio"", ""suno"", ""udio""]","[""Pop""]",14b0c76c6a691c42fadfab9fb6a4eb1ee8c628a2,metadata_complete,,unverified
135340,Kissing Scars - Caleb Lemond,21957,fma:135340,fma_artist:21957,exact,http://freemusicarchive.org/music/Caleb_Lemond/The_Learning_Curve/Kissing_Scars,Attribution,http://creativecommons.org/licenses/by/4.0/,Attribution,Kissing Scars,Caleb Lemond,21957,4/13/2016 05:54:36 PM,,16,"[""TTA/acestep/Kissing_Scars_Caleb_Lemond_acestep_TTA_001.mp3"", ""TTA/audioldm/Kissing_Scars_Caleb_Lemond_audioldm_TTA_001.mp3"", ""TTA/brev/Kissing_Scars_Caleb_Lemond_brev_TTA_001.mp3"", ""TTA/brev/Kissing_Scars_Caleb_Lemond_brev_TTA_002.mp3"", ""TTA/diffrhythm/Kissing_Scars_Caleb_Lemond_diffrhythm_TTA_001.mp3"", ""TTA/elevenlabs/Kissing_Scars_Caleb_Lemond_elevenlabs_TTA_001.mp3"", ""TTA/elevenlabs/Kissing_Scars_Caleb_Lemond_elevenlabs_TTA_002.mp3"", ""TTA/mubert/Kissing_Scars_Caleb_Lemond_mubert_TTA_001.mp3"", ""TTA/musicgen/Kissing_Scars_Caleb_Lemond_musicgen_TTA_001.wav"", ""TTA/producer/Kissing_Scars_Caleb_Lemond_producer_TTA_001.mp3"", ""TTA/songgen/Kissing_Scars_Caleb_Lemond_songgen_TTA_001.mp3"", ""TTA/stableaudio/Kissing_Scars_Caleb_Lemond_stableaudio_TTA_001.mp3"", ""TTA/suno/Kissing_Scars_Caleb_Lemond_suno_TTA_001.mp3"", ""TTA/suno/Kissing_Scars_Caleb_Lemond_suno_TTA_002.mp3"", ""TTA/udio/Kissing_Scars_Caleb_Lemond_udio_TTA_001.mp3"", ""TTA/udio/Kissing_Scars_Caleb_Lemond_udio_TTA_002.mp3""]","[""acestep"", ""audioldm"", ""brev"", ""diffrhythm"", ""elevenlabs"", ""mubert"", ""musicgen"", ""producer"", ""songgen"", ""stableaudio"", ""suno"", ""udio""]","[""Pop""]",14b0c76c6a691c42fadfab9fb6a4eb1ee8c628a2,metadata_complete,,unverified
135341,Evil Cannot Create - Caleb Lemond,21957,fma:135341,fma_artist:21957,exact,http://freemusicarchive.org/music/Caleb_Lemond/The_Learning_Curve/Evil_Cannot_Create,Attribution,http://creativecommons.org/licenses/by/4.0/,Attribution,Evil Cannot Create,Caleb Lemond,21957,4/13/2016 05:54:38 PM,,16,"[""TTA/acestep/Evil_Cannot_Create_Caleb_Lemond_acestep_TTA_001.mp3"", ""TTA/audioldm/Evil_Cannot_Create_Caleb_Lemond_audioldm_TTA_001.mp3"", ""TTA/brev/Evil_Cannot_Create_Caleb_Lemond_brev_TTA_001.mp3"", ""TTA/brev/Evil_Cannot_Create_Caleb_Lemond_brev_TTA_002.mp3"", ""TTA/diffrhythm/Evil_Cannot_Create_Caleb_Lemond_diffrhythm_TTA_001.mp3"", ""TTA/elevenlabs/Evil_Cannot_Create_Caleb_Lemond_elevenlabs_TTA_001.mp3"", ""TTA/elevenlabs/Evil_Cannot_Create_Caleb_Lemond_elevenlabs_TTA_002.mp3"", ""TTA/mubert/Evil_Cannot_Create_Caleb_Lemond_mubert_TTA_001.mp3"", ""TTA/musicgen/Evil_Cannot_Create_Caleb_Lemond_musicgen_TTA_001.wav"", ""TTA/producer/Evil_Cannot_Create_Caleb_Lemond_producer_TTA_001.mp3"", ""TTA/songgen/Evil_Cannot_Create_Caleb_Lemond_songgen_TTA_001.mp3"", ""TTA/stableaudio/Evil_Cannot_Create_Caleb_Lemond_stableaudio_TTA_001.mp3"", ""TTA/suno/Evil_Cannot_Create_Caleb_Lemond_suno_TTA_001.mp3"", ""TTA/suno/Evil_Cannot_Create_Caleb_Lemond_suno_TTA_002.mp3"", ""TTA/udio/Evil_Cannot_Create_Caleb_Lemond_udio_TTA_001.mp3"", ""TTA/udio/Evil_Cannot_Create_Caleb_Lemond_udio_TTA_002.mp3""]","[""acestep"", ""audioldm"", ""brev"", ""diffrhythm"", ""elevenlabs"", ""mubert"", ""musicgen"", ""producer"", ""songgen"", ""stableaudio"", ""suno"", ""udio""]","[""Pop""]",14b0c76c6a691c42fadfab9fb6a4eb1ee8c628a2,metadata_complete,,unverified
135342,Outro - Caleb Lemond,21957,fma:135342,fma_artist:21957,exact,http://freemusicarchive.org/music/Caleb_Lemond/The_Learning_Curve/Outro_1596,Attribution,http://creativecommons.org/licenses/by/4.0/,Attribution,Outro,Caleb Lemond,21957,4/13/2016 05:54:39 PM,,6,"[""TTA/acestep/Outro_Caleb_Lemond_acestep_TTA_001.mp3"", ""TTA/audioldm/Outro_Caleb_Lemond_audioldm_TTA_001.mp3"", ""TTA/diffrhythm/Outro_Caleb_Lemond_diffrhythm_TTA_001.mp3"", ""TTA/musicgen/Outro_Caleb_Lemond_musicgen_TTA_001.wav"", ""TTA/songgen/Outro_Caleb_Lemond_songgen_TTA_001.mp3"", ""TTA/stableaudio/Outro_Caleb_Lemond_stableaudio_TTA_001.mp3""]","[""acestep"", ""audioldm"", ""diffrhythm"", ""musicgen"", ""songgen"", ""stableaudio""]","[""Pop""]",14b0c76c6a691c42fadfab9fb6a4eb1ee8c628a2,metadata_complete,,unverified
135370,Happy - Lamprey,21958,fma:135370,fma_artist:21958,exact,http://freemusicarchive.org/music/Lamprey/The_Greener_Grass/Happy,Attribution,http://creativecommons.org/licenses/by/4.0/,Attribution,Happy,Lamprey,21958,4/14/2016 12:16:11 PM,,5,"[""TTA/acestep/Happy_Lamprey_acestep_TTA_001.mp3"", ""TTA/audioldm/Happy_Lamprey_audioldm_TTA_001.mp3"", ""TTA/diffrhythm/Happy_Lamprey_diffrhythm_TTA_001.mp3"", ""TTA/musicgen/Happy_Lamprey_musicgen_TTA_001.wav"", ""TTA/songgen/Happy_Lamprey_songgen_TTA_001.mp3""]","[""acestep"", ""audioldm"", ""diffrhythm"", ""musicgen"", ""songgen""]","[""Rock""]",14b0c76c6a691c42fadfab9fb6a4eb1ee8c628a2,metadata_complete,,unverified
138061,Bergwald Bergwald - Every Now and Every Then,22222,fma:138061,fma_artist:22222,exact,http://freemusicarchive.org/music/Every_Now_and_Every_Then/Bergwald_Bergwald/Every_Now_and_Every_Then_-_Bergwald_Bergwald_-_08_Bergwald_Bergwald,Attribution,http://creativecommons.org/licenses/by/4.0/,Attribution,Bergwald Bergwald,Every Now and Every Then,22222,5/27/2016 09:31:49 AM,,6,"[""TTA/acestep/Bergwald_Bergwald_Every_Now_and_Every_Then_acestep_TTA_001.mp3"", ""TTA/audioldm/Bergwald_Bergwald_Every_Now_and_Every_Then_audioldm_TTA_001.mp3"", ""TTA/diffrhythm/Bergwald_Bergwald_Every_Now_and_Every_Then_diffrhythm_TTA_001.mp3"", ""TTA/musicgen/Bergwald_Bergwald_Every_Now_and_Every_Then_musicgen_TTA_001.wav"", ""TTA/songgen/Bergwald_Bergwald_Every_Now_and_Every_Then_songgen_TTA_001.mp3"", ""TTA/stableaudio/Bergwald_Bergwald_Every_Now_and_Every_Then_stableaudio_TTA_001.mp3""]","[""acestep"", ""audioldm"", ""diffrhythm"", ""musicgen"", ""songgen"", ""stableaudio""]","[""Rock""]",14b0c76c6a691c42fadfab9fb6a4eb1ee8c628a2,metadata_complete,,unverified
140344,Ohtli - Seclorance,22467,fma:140344,fma_artist:22467,exact,http://freemusicarchive.org/music/Seclorance/Canin/Seclorance_-_Canin_-_06_Ohtli,Attribution,http://creativecommons.org/licenses/by/4.0/,Attribution,Ohtli,Seclorance,22467,7/19/2016 05:40:31 PM,1/30/2008,16,"[""TTA/acestep/Ohtli_Seclorance_acestep_TTA_001.mp3"", ""TTA/audioldm/Ohtli_Seclorance_audioldm_TTA_001.mp3"", ""TTA/brev/Ohtli_Seclorance_brev_TTA_001.mp3"", ""TTA/brev/Ohtli_Seclorance_brev_TTA_002.mp3"", ""TTA/diffrhythm/Ohtli_Seclorance_diffrhythm_TTA_001.mp3"", ""TTA/elevenlabs/Ohtli_Seclorance_elevenlabs_TTA_001.mp3"", ""TTA/elevenlabs/Ohtli_Seclorance_elevenlabs_TTA_002.mp3"", ""TTA/mubert/Ohtli_Seclorance_mubert_TTA_001.mp3"", ""TTA/musicgen/Ohtli_Seclorance_musicgen_TTA_001.wav"", ""TTA/producer/Ohtli_Seclorance_producer_TTA_001.mp3"", ""TTA/songgen/Ohtli_Seclorance_songgen_TTA_001.mp3"", ""TTA/stableaudio/Ohtli_Seclorance_stableaudio_TTA_001.mp3"", ""TTA/suno/Ohtli_Seclorance_suno_TTA_001.mp3"", ""TTA/suno/Ohtli_Seclorance_suno_TTA_002.mp3"", ""TTA/udio/Ohtli_Seclorance_udio_TTA_001.mp3"", ""TTA/udio/Ohtli_Seclorance_udio_TTA_002.mp3""]","[""acestep"", ""audioldm"", ""brev"", ""diffrhythm"", ""elevenlabs"", ""mubert"", ""musicgen"", ""producer"", ""songgen"", ""stableaudio"", ""suno"", ""udio""]","[""Electronic""]",14b0c76c6a691c42fadfab9fb6a4eb1ee8c628a2,metadata_complete,,unverified
140922,Morning Bell - Nihilore,21691,fma:140922,fma_artist:21691,exact,http://freemusicarchive.org/music/Nihilore/The_Hermeneutic_Circle/Nihilore_-_The_Hermeneutic_Circle_-_01_Morning_Bell,Creative Commons Attribution,http://creativecommons.org/licenses/by/3.0/,Creative Commons Attribution,Morning Bell,Nihilore,21691,8/02/2016 05:38:56 PM,,5,"[""TTA/acestep/Morning_Bell_Nihilore_acestep_TTA_001.mp3"", ""TTA/audioldm/Morning_Bell_Nihilore_audioldm_TTA_001.mp3"", ""TTA/diffrhythm/Morning_Bell_Nihilore_diffrhythm_TTA_001.mp3"", ""TTA/musicgen/Morning_Bell_Nihilore_musicgen_TTA_001.wav"", ""TTA/songgen/Morning_Bell_Nihilore_songgen_TTA_001.mp3""]","[""acestep"", ""audioldm"", ""diffrhythm"", ""musicgen"", ""songgen""]","[""Electronic""]",14b0c76c6a691c42fadfab9fb6a4eb1ee8c628a2,metadata_complete,,unverified
140924,Authenticity - Nihilore,21691,fma:140924,fma_artist:21691,exact,http://freemusicarchive.org/music/Nihilore/The_Hermeneutic_Circle/Nihilore_-_The_Hermeneutic_Circle_-_03_Authenticity,Creative Commons Attribution,http://creativecommons.org/licenses/by/3.0/,Creative Commons Attribution,Authenticity,Nihilore,21691,8/02/2016 05:38:58 PM,,5,"[""TTA/acestep/Authenticity_Nihilore_acestep_TTA_001.mp3"", ""TTA/audioldm/Authenticity_Nihilore_audioldm_TTA_001.mp3"", ""TTA/diffrhythm/Authenticity_Nihilore_diffrhythm_TTA_001.mp3"", ""TTA/musicgen/Authenticity_Nihilore_musicgen_TTA_001.wav"", ""TTA/songgen/Authenticity_Nihilore_songgen_TTA_001.mp3""]","[""acestep"", ""audioldm"", ""diffrhythm"", ""musicgen"", ""songgen""]","[""Electronic""]",14b0c76c6a691c42fadfab9fb6a4eb1ee8c628a2,metadata_complete,,unverified
140925,Set Fire to Creation - Nihilore,21691,fma:140925,fma_artist:21691,exact,http://freemusicarchive.org/music/Nihilore/The_Hermeneutic_Circle/Nihilore_-_The_Hermeneutic_Circle_-_04_Set_Fire_to_Creation,Creative Commons Attribution,http://creativecommons.org/licenses/by/3.0/,Creative Commons Attribution,Set Fire to Creation,Nihilore,21691,8/02/2016 05:39:00 PM,,5,"[""TTA/acestep/Set_Fire_to_Creation_Nihilore_acestep_TTA_001.mp3"", ""TTA/audioldm/Set_Fire_to_Creation_Nihilore_audioldm_TTA_001.mp3"", ""TTA/diffrhythm/Set_Fire_to_Creation_Nihilore_diffrhythm_TTA_001.mp3"", ""TTA/musicgen/Set_Fire_to_Creation_Nihilore_musicgen_TTA_001.wav"", ""TTA/songgen/Set_Fire_to_Creation_Nihilore_songgen_TTA_001.mp3""]","[""acestep"", ""audioldm"", ""diffrhythm"", ""musicgen"", ""songgen""]","[""Electronic""]",14b0c76c6a691c42fadfab9fb6a4eb1ee8c628a2,metadata_complete,,unverified
140926,A Different World By Night - Nihilore,21691,fma:140926,fma_artist:21691,exact,http://freemusicarchive.org/music/Nihilore/The_Hermeneutic_Circle/Nihilore_-_The_Hermeneutic_Circle_-_05_A_Different_World_By_Night,Creative Commons Attribution,http://creativecommons.org/licenses/by/3.0/,Creative Commons Attribution,A Different World By Night,Nihilore,21691,8/02/2016 05:39:01 PM,,5,"[""TTA/acestep/A_Different_World_By_Night_Nihilore_acestep_TTA_001.mp3"", ""TTA/audioldm/A_Different_World_By_Night_Nihilore_audioldm_TTA_001.mp3"", ""TTA/diffrhythm/A_Different_World_By_Night_Nihilore_diffrhythm_TTA_001.mp3"", ""TTA/musicgen/A_Different_World_By_Night_Nihilore_musicgen_TTA_001.wav"", ""TTA/songgen/A_Different_World_By_Night_Nihilore_songgen_TTA_001.mp3""]","[""acestep"", ""audioldm"", ""diffrhythm"", ""musicgen"", ""songgen""]","[""Electronic""]",14b0c76c6a691c42fadfab9fb6a4eb1ee8c628a2,metadata_complete,,unverified
141617,The Secret Garden - Barbarix,13437,fma:141617,fma_artist:13437,exact,http://freemusicarchive.org/music/Barbarix/The_Mystics/02_The_Secret_Garden,Attribution,http://creativecommons.org/licenses/by/4.0/,Attribution,The Secret Garden,Barbarix,13437,8/19/2016 05:00:59 AM,,5,"[""TTA/acestep/The_Secret_Garden_Barbarix_acestep_TTA_001.mp3"", ""TTA/audioldm/The_Secret_Garden_Barbarix_audioldm_TTA_001.mp3"", ""TTA/diffrhythm/The_Secret_Garden_Barbarix_diffrhythm_TTA_001.mp3"", ""TTA/musicgen/The_Secret_Garden_Barbarix_musicgen_TTA_001.wav"", ""TTA/songgen/The_Secret_Garden_Barbarix_songgen_TTA_001.mp3""]","[""acestep"", ""audioldm"", ""diffrhythm"", ""musicgen"", ""songgen""]","[""Electronic""]",14b0c76c6a691c42fadfab9fb6a4eb1ee8c628a2,metadata_complete,,unverified
141875,Acoustic Unleashed - Remain,22429,fma:141875,fma_artist:22429,exact,http://freemusicarchive.org/music/Remain/Remain/07-remain_-_acoustic_unleashed-ms,Attribution,http://creativecommons.org/licenses/by/4.0/,Attribution,Acoustic Unleashed,Remain,22429,8/20/2016 02:20:56 PM,5/29/2002,16,"[""TTA/acestep/Acoustic_Unleashed_Remain_acestep_TTA_001.mp3"", ""TTA/audioldm/Acoustic_Unleashed_Remain_audioldm_TTA_001.mp3"", ""TTA/brev/Acoustic_Unleashed_Remain_brev_TTA_001.mp3"", ""TTA/brev/Acoustic_Unleashed_Remain_brev_TTA_002.mp3"", ""TTA/diffrhythm/Acoustic_Unleashed_Remain_diffrhythm_TTA_001.mp3"", ""TTA/elevenlabs/Acoustic_Unleashed_Remain_elevenlabs_TTA_001.mp3"", ""TTA/elevenlabs/Acoustic_Unleashed_Remain_elevenlabs_TTA_002.mp3"", ""TTA/mubert/Acoustic_Unleashed_Remain_mubert_TTA_001.mp3"", ""TTA/musicgen/Acoustic_Unleashed_Remain_musicgen_TTA_001.wav"", ""TTA/producer/Acoustic_Unleashed_Remain_producer_TTA_001.mp3"", ""TTA/songgen/Acoustic_Unleashed_Remain_songgen_TTA_001.mp3"", ""TTA/stableaudio/Acoustic_Unleashed_Remain_stableaudio_TTA_001.mp3"", ""TTA/suno/Acoustic_Unleashed_Remain_suno_TTA_001.mp3"", ""TTA/suno/Acoustic_Unleashed_Remain_suno_TTA_002.mp3"", ""TTA/udio/Acoustic_Unleashed_Remain_udio_TTA_001.mp3"", ""TTA/udio/Acoustic_Unleashed_Remain_udio_TTA_002.mp3""]","[""acestep"", ""audioldm"", ""brev"", ""diffrhythm"", ""elevenlabs"", ""mubert"", ""musicgen"", ""producer"", ""songgen"", ""stableaudio"", ""suno"", ""udio""]","[""Electronic""]",14b0c76c6a691c42fadfab9fb6a4eb1ee8c628a2,metadata_complete,,unverified
141877,I - Nocturnal Mayhem,22584,fma:141877,fma_artist:22584,exact,http://freemusicarchive.org/music/Nocturnal_Mayhem/NM/01-nocturnal_mayhem_-_i-ms,Attribution,http://creativecommons.org/licenses/by/4.0/,Attribution,I,Nocturnal Mayhem,22584,8/20/2016 04:42:29 PM,10/19/2001,16,"[""TTA/acestep/I_Nocturnal_Mayhem_acestep_TTA_001.mp3"", ""TTA/audioldm/I_Nocturnal_Mayhem_audioldm_TTA_001.mp3"", ""TTA/brev/I_Nocturnal_Mayhem_brev_TTA_001.mp3"", ""TTA/brev/I_Nocturnal_Mayhem_brev_TTA_002.mp3"", ""TTA/diffrhythm/I_Nocturnal_Mayhem_diffrhythm_TTA_001.mp3"", ""TTA/elevenlabs/I_Nocturnal_Mayhem_elevenlabs_TTA_001.mp3"", ""TTA/elevenlabs/I_Nocturnal_Mayhem_elevenlabs_TTA_002.mp3"", ""TTA/mubert/I_Nocturnal_Mayhem_mubert_TTA_001.mp3"", ""TTA/musicgen/I_Nocturnal_Mayhem_musicgen_TTA_001.wav"", ""TTA/producer/I_Nocturnal_Mayhem_producer_TTA_001.mp3"", ""TTA/songgen/I_Nocturnal_Mayhem_songgen_TTA_001.mp3"", ""TTA/stableaudio/I_Nocturnal_Mayhem_stableaudio_TTA_001.mp3"", ""TTA/suno/I_Nocturnal_Mayhem_suno_TTA_001.mp3"", ""TTA/suno/I_Nocturnal_Mayhem_suno_TTA_002.mp3"", ""TTA/udio/I_Nocturnal_Mayhem_udio_TTA_001.mp3"", ""TTA/udio/I_Nocturnal_Mayhem_udio_TTA_002.mp3""]","[""acestep"", ""audioldm"", ""brev"", ""diffrhythm"", ""elevenlabs"", ""mubert"", ""musicgen"", ""producer"", ""songgen"", ""stableaudio"", ""suno"", ""udio""]","[""Rock""]",14b0c76c6a691c42fadfab9fb6a4eb1ee8c628a2,metadata_complete,,unverified
142080,OOOTHERSIDE - Liquid Paper - Mike B. Fort,21394,fma:142080,fma_artist:21394,exact,http://freemusicarchive.org/music/Mike_BFort/OOOTHERSIDE/OOOTHERSIDE_-_Liquid_Paper,Attribution,http://creativecommons.org/licenses/by/4.0/,Attribution,OOOTHERSIDE - Liquid Paper,Mike B. Fort,21394,8/25/2016 01:32:32 PM,,16,"[""TTA/acestep/OOOTHERSIDE_-_Liquid_Paper_Mike_B._Fort_acestep_TTA_001.mp3"", ""TTA/audioldm/OOOTHERSIDE_-_Liquid_Paper_Mike_B._Fort_audioldm_TTA_001.mp3"", ""TTA/brev/OOOTHERSIDE_-_Liquid_Paper_Mike_B._Fort_brev_TTA_001.mp3"", ""TTA/brev/OOOTHERSIDE_-_Liquid_Paper_Mike_B._Fort_brev_TTA_002.mp3"", ""TTA/diffrhythm/OOOTHERSIDE_-_Liquid_Paper_Mike_B._Fort_diffrhythm_TTA_001.mp3"", ""TTA/elevenlabs/OOOTHERSIDE_-_Liquid_Paper_Mike_B._Fort_elevenlabs_TTA_001.mp3"", ""TTA/elevenlabs/OOOTHERSIDE_-_Liquid_Paper_Mike_B._Fort_elevenlabs_TTA_002.mp3"", ""TTA/mubert/OOOTHERSIDE_-_Liquid_Paper_Mike_B._Fort_mubert_TTA_001.mp3"", ""TTA/musicgen/OOOTHERSIDE_Liquid_Paper_Mike_B_Fort_musicgen_TTA_001.wav"", ""TTA/producer/OOOTHERSIDE_-_Liquid_Paper_Mike_B._Fort_producer_TTA_001.mp3"", ""TTA/songgen/OOOTHERSIDE_-_Liquid_Paper_Mike_B._Fort_songgen_TTA_001.mp3"", ""TTA/stableaudio/OOOTHERSIDE_-_Liquid_Paper_Mike_B._Fort_stableaudio_TTA_001.mp3"", ""TTA/suno/OOOTHERSIDE_-_Liquid_Paper_Mike_B._Fort_suno_TTA_001.mp3"", ""TTA/suno/OOOTHERSIDE_-_Liquid_Paper_Mike_B._Fort_suno_TTA_002.mp3"", ""TTA/udio/OOOTHERSIDE_-_Liquid_Paper_Mike_B._Fort_udio_TTA_001.mp3"", ""TTA/udio/OOOTHERSIDE_-_Liquid_Paper_Mike_B._Fort_udio_TTA_002.mp3""]","[""acestep"", ""audioldm"", ""brev"", ""diffrhythm"", ""elevenlabs"", ""mubert"", ""musicgen"", ""producer"", ""songgen"", ""stableaudio"", ""suno"", ""udio""]","[""Electronic""]",14b0c76c6a691c42fadfab9fb6a4eb1ee8c628a2,metadata_complete,,unverified
142081,OOOTHERSIDE - This Time - Mike B. Fort,21394,fma:142081,fma_artist:21394,exact,http://freemusicarchive.org/music/Mike_BFort/OOOTHERSIDE/OOOTHERSIDE_-_This_Time,Attribution,http://creativecommons.org/licenses/by/4.0/,Attribution,OOOTHERSIDE - This Time,Mike B. Fort,21394,8/25/2016 01:32:34 PM,,16,"[""TTA/acestep/OOOTHERSIDE_-_This_Time_Mike_B._Fort_acestep_TTA_001.mp3"", ""TTA/audioldm/OOOTHERSIDE_-_This_Time_Mike_B._Fort_audioldm_TTA_001.mp3"", ""TTA/brev/OOOTHERSIDE_-_This_Time_Mike_B._Fort_brev_TTA_001.mp3"", ""TTA/brev/OOOTHERSIDE_-_This_Time_Mike_B._Fort_brev_TTA_002.mp3"", ""TTA/diffrhythm/OOOTHERSIDE_-_This_Time_Mike_B._Fort_diffrhythm_TTA_001.mp3"", ""TTA/elevenlabs/OOOTHERSIDE_-_This_Time_Mike_B._Fort_elevenlabs_TTA_001.mp3"", ""TTA/elevenlabs/OOOTHERSIDE_-_This_Time_Mike_B._Fort_elevenlabs_TTA_002.mp3"", ""TTA/mubert/OOOTHERSIDE_-_This_Time_Mike_B._Fort_mubert_TTA_001.mp3"", ""TTA/musicgen/OOOTHERSIDE_This_Time_Mike_B_Fort_musicgen_TTA_001.wav"", ""TTA/producer/OOOTHERSIDE_-_This_Time_Mike_B._Fort_producer_TTA_001.mp3"", ""TTA/songgen/OOOTHERSIDE_-_This_Time_Mike_B._Fort_songgen_TTA_001.mp3"", ""TTA/stableaudio/OOOTHERSIDE_-_This_Time_Mike_B._Fort_stableaudio_TTA_001.mp3"", ""TTA/suno/OOOTHERSIDE_-_This_Time_Mike_B._Fort_suno_TTA_001.mp3"", ""TTA/suno/OOOTHERSIDE_-_This_Time_Mike_B._Fort_suno_TTA_002.mp3"", ""TTA/udio/OOOTHERSIDE_-_This_Time_Mike_B._Fort_udio_TTA_001.mp3"", ""TTA/udio/OOOTHERSIDE_-_This_Time_Mike_B._Fort_udio_TTA_002.mp3""]","[""acestep"", ""audioldm"", ""brev"", ""diffrhythm"", ""elevenlabs"", ""mubert"", ""musicgen"", ""producer"", ""songgen"", ""stableaudio"", ""suno"", ""udio""]","[""Electronic""]",14b0c76c6a691c42fadfab9fb6a4eb1ee8c628a2,metadata_complete,,unverified
143055,Robot Heart - Mystery Mammal,22774,fma:143055,fma_artist:22774,exact,http://freemusicarchive.org/music/Mystery_Mammal/Wonders_Of_Modern_Technology/Robot_Heart,Attribution,http://creativecommons.org/licenses/by/4.0/,Attribution,Robot Heart,Mystery Mammal,22774,9/12/2016 05:13:58 PM,,16,"[""TTA/acestep/Robot_Heart_Mystery_Mammal_acestep_TTA_001.mp3"", ""TTA/audioldm/Robot_Heart_Mystery_Mammal_audioldm_TTA_001.mp3"", ""TTA/brev/Robot_Heart_Mystery_Mammal_brev_TTA_001.mp3"", ""TTA/brev/Robot_Heart_Mystery_Mammal_brev_TTA_002.mp3"", ""TTA/diffrhythm/Robot_Heart_Mystery_Mammal_diffrhythm_TTA_001.mp3"", ""TTA/elevenlabs/Robot_Heart_Mystery_Mammal_elevenlabs_TTA_001.mp3"", ""TTA/elevenlabs/Robot_Heart_Mystery_Mammal_elevenlabs_TTA_002.mp3"", ""TTA/mubert/Robot_Heart_Mystery_Mammal_mubert_TTA_001.mp3"", ""TTA/musicgen/Robot_Heart_Mystery_Mammal_musicgen_TTA_001.wav"", ""TTA/producer/Robot_Heart_Mystery_Mammal_producer_TTA_001.mp3"", ""TTA/songgen/Robot_Heart_Mystery_Mammal_songgen_TTA_001.mp3"", ""TTA/stableaudio/Robot_Heart_Mystery_Mammal_stableaudio_TTA_001.mp3"", ""TTA/suno/Robot_Heart_Mystery_Mammal_suno_TTA_001.mp3"", ""TTA/suno/Robot_Heart_Mystery_Mammal_suno_TTA_002.mp3"", ""TTA/udio/Robot_Heart_Mystery_Mammal_udio_TTA_001.mp3"", ""TTA/udio/Robot_Heart_Mystery_Mammal_udio_TTA_002.mp3""]","[""acestep"", ""audioldm"", ""brev"", ""diffrhythm"", ""elevenlabs"", ""mubert"", ""musicgen"", ""producer"", ""songgen"", ""stableaudio"", ""suno"", ""udio""]","[""Electronic""]",14b0c76c6a691c42fadfab9fb6a4eb1ee8c628a2,metadata_complete,,unverified
143059,Ugh! Humans Can Join - Mystery Mammal,22774,fma:143059,fma_artist:22774,exact,http://freemusicarchive.org/music/Mystery_Mammal/Wonders_Of_Modern_Technology/Ugh_Humans_Can_Join,Attribution,http://creativecommons.org/licenses/by/4.0/,Attribution,Ugh! Humans Can Join,Mystery Mammal,22774,9/12/2016 05:14:04 PM,,16,"[""TTA/acestep/Ugh_Humans_Can_Join_Mystery_Mammal_acestep_TTA_001.mp3"", ""TTA/audioldm/Ugh_Humans_Can_Join_Mystery_Mammal_audioldm_TTA_001.mp3"", ""TTA/brev/Ugh_Humans_Can_Join_Mystery_Mammal_brev_TTA_001.mp3"", ""TTA/brev/Ugh_Humans_Can_Join_Mystery_Mammal_brev_TTA_002.mp3"", ""TTA/diffrhythm/Ugh_Humans_Can_Join_Mystery_Mammal_diffrhythm_TTA_001.mp3"", ""TTA/elevenlabs/Ugh_Humans_Can_Join_Mystery_Mammal_elevenlabs_TTA_001.mp3"", ""TTA/elevenlabs/Ugh_Humans_Can_Join_Mystery_Mammal_elevenlabs_TTA_002.mp3"", ""TTA/mubert/Ugh_Humans_Can_Join_Mystery_Mammal_mubert_TTA_001.mp3"", ""TTA/musicgen/Ugh_Humans_Can_Join_Mystery_Mammal_musicgen_TTA_001.wav"", ""TTA/producer/Ugh_Humans_Can_Join_Mystery_Mammal_producer_TTA_001.mp3"", ""TTA/songgen/Ugh_Humans_Can_Join_Mystery_Mammal_songgen_TTA_001.mp3"", ""TTA/stableaudio/Ugh_Humans_Can_Join_Mystery_Mammal_stableaudio_TTA_001.mp3"", ""TTA/suno/Ugh_Humans_Can_Join_Mystery_Mammal_suno_TTA_001.mp3"", ""TTA/suno/Ugh_Humans_Can_Join_Mystery_Mammal_suno_TTA_002.mp3"", ""TTA/udio/Ugh_Humans_Can_Join_Mystery_Mammal_udio_TTA_001.mp3"", ""TTA/udio/Ugh_Humans_Can_Join_Mystery_Mammal_udio_TTA_002.mp3""]","[""acestep"", ""audioldm"", ""brev"", ""diffrhythm"", ""elevenlabs"", ""mubert"", ""musicgen"", ""producer"", ""songgen"", ""stableaudio"", ""suno"", ""udio""]","[""Electronic""]",14b0c76c6a691c42fadfab9fb6a4eb1ee8c628a2,metadata_complete,,unverified
145607,The Dawn - The One They Fear,23198,fma:145607,fma_artist:23198,exact,http://freemusicarchive.org/music/The_One_They_Fear/Silence_Is_Consent_EP/The_One_They_Fear_-_Silence_Is_Consent_EP_-_04_The_Dawn,Attribution,http://creativecommons.org/licenses/by/4.0/,Attribution,The Dawn,The One They Fear,23198,10/31/2016 05:44:09 PM,,6,"[""TTA/acestep/The_Dawn_The_One_They_Fear_acestep_TTA_001.mp3"", ""TTA/audioldm/The_Dawn_The_One_They_Fear_audioldm_TTA_001.mp3"", ""TTA/diffrhythm/The_Dawn_The_One_They_Fear_diffrhythm_TTA_001.mp3"", ""TTA/musicgen/The_Dawn_The_One_They_Fear_musicgen_TTA_001.wav"", ""TTA/songgen/The_Dawn_The_One_They_Fear_songgen_TTA_001.mp3"", ""TTA/stableaudio/The_Dawn_The_One_They_Fear_stableaudio_TTA_001.mp3""]","[""acestep"", ""audioldm"", ""diffrhythm"", ""musicgen"", ""songgen"", ""stableaudio""]","[""Rock""]",14b0c76c6a691c42fadfab9fb6a4eb1ee8c628a2,metadata_complete,,unverified
145918,SD (Ill Mix) - H-LR,23219,fma:145918,fma_artist:23219,exact,http://freemusicarchive.org/music/H-LR/End_of_the_Line/03-SD_Ill_Mix,Attribution,http://creativecommons.org/licenses/by/4.0/,Attribution,SD (Ill Mix),H-LR,23219,11/06/2016 08:39:07 AM,8/20/2010,15,"[""TTA/acestep/SD_Ill_Mix_H-LR_acestep_TTA_001.mp3"", ""TTA/audioldm/SD_Ill_Mix_H-LR_audioldm_TTA_001.mp3"", ""TTA/brev/SD_Ill_Mix_H-LR_brev_TTA_001.mp3"", ""TTA/brev/SD_Ill_Mix_H-LR_brev_TTA_002.mp3"", ""TTA/diffrhythm/SD_Ill_Mix_H-LR_diffrhythm_TTA_001.mp3"", ""TTA/elevenlabs/SD_Ill_Mix_H-LR_elevenlabs_TTA_001.mp3"", ""TTA/elevenlabs/SD_Ill_Mix_H-LR_elevenlabs_TTA_002.mp3"", ""TTA/mubert/SD_Ill_Mix_H-LR_mubert_TTA_001.mp3"", ""TTA/musicgen/SD_Ill_Mix_HLR_musicgen_TTA_001.wav"", ""TTA/producer/SD_Ill_Mix_H-LR_producer_TTA_001.mp3"", ""TTA/songgen/SD_Ill_Mix_H-LR_songgen_TTA_001.mp3"", ""TTA/suno/SD_Ill_Mix_H-LR_suno_TTA_001.mp3"", ""TTA/suno/SD_Ill_Mix_H-LR_suno_TTA_002.mp3"", ""TTA/udio/SD_Ill_Mix_H-LR_udio_TTA_001.mp3"", ""TTA/udio/SD_Ill_Mix_H-LR_udio_TTA_002.mp3""]","[""acestep"", ""audioldm"", ""brev"", ""diffrhythm"", ""elevenlabs"", ""mubert"", ""musicgen"", ""producer"", ""songgen"", ""suno"", ""udio""]","[""Electronic""]",14b0c76c6a691c42fadfab9fb6a4eb1ee8c628a2,metadata_complete,,unverified
149416,Millitary Industrial Complex - Punk Rock Opera,22128,fma:149416,fma_artist:22128,exact,http://freemusicarchive.org/music/Punk_Rock_Opera/Nerve_Damage/Punk_Rock_Opera_-_The_Bad_Plants_-_Nerve_Damage_-1982-_Album_-_09_Millitary_Industrial_Complex,Attribution,http://creativecommons.org/licenses/by/4.0/,Attribution,Millitary Industrial Complex,Punk Rock Opera,22128,1/13/2017 05:31:49 AM,,16,"[""TTA/acestep/Millitary_Industrial_Complex_Punk_Rock_Opera_acestep_TTA_001.mp3"", ""TTA/audioldm/Millitary_Industrial_Complex_Punk_Rock_Opera_audioldm_TTA_001.mp3"", ""TTA/brev/Millitary_Industrial_Complex_Punk_Rock_Opera_brev_TTA_001.mp3"", ""TTA/brev/Millitary_Industrial_Complex_Punk_Rock_Opera_brev_TTA_002.mp3"", ""TTA/diffrhythm/Millitary_Industrial_Complex_Punk_Rock_Opera_diffrhythm_TTA_001.mp3"", ""TTA/elevenlabs/Millitary_Industrial_Complex_Punk_Rock_Opera_elevenlabs_TTA_001.mp3"", ""TTA/elevenlabs/Millitary_Industrial_Complex_Punk_Rock_Opera_elevenlabs_TTA_002.mp3"", ""TTA/mubert/Millitary_Industrial_Complex_Punk_Rock_Opera_mubert_TTA_001.mp3"", ""TTA/musicgen/Millitary_Industrial_Complex_Punk_Rock_Opera_musicgen_TTA_001.wav"", ""TTA/producer/Millitary_Industrial_Complex_Punk_Rock_Opera_producer_TTA_001.mp3"", ""TTA/songgen/Millitary_Industrial_Complex_Punk_Rock_Opera_songgen_TTA_001.mp3"", ""TTA/stableaudio/Millitary_Industrial_Complex_Punk_Rock_Opera_stableaudio_TTA_001.mp3"", ""TTA/suno/Millitary_Industrial_Complex_Punk_Rock_Opera_suno_TTA_001.mp3"", ""TTA/suno/Millitary_Industrial_Complex_Punk_Rock_Opera_suno_TTA_002.mp3"", ""TTA/udio/Millitary_Industrial_Complex_Punk_Rock_Opera_udio_TTA_001.mp3"", ""TTA/udio/Millitary_Industrial_Complex_Punk_Rock_Opera_udio_TTA_002.mp3""]","[""acestep"", ""audioldm"", ""brev"", ""diffrhythm"", ""elevenlabs"", ""mubert"", ""musicgen"", ""producer"", ""songgen"", ""stableaudio"", ""suno"", ""udio""]","[""Rock""]",14b0c76c6a691c42fadfab9fb6a4eb1ee8c628a2,metadata_complete,,unverified
149488,Lost Paradise - Autumn Interlude,23674,fma:149488,fma_artist:23674,exact,http://freemusicarchive.org/music/Autumn_Interlude/Lost_Paradise/Autumn_Interlude_-_Lost_Paradise_-_01_Lost_Paradise,Attribution,http://creativecommons.org/licenses/by/4.0/,Attribution,Lost Paradise,Autumn Interlude,23674,1/15/2017 03:37:04 PM,8/24/2005,16,"[""TTA/acestep/Lost_Paradise_Autumn_Interlude_acestep_TTA_001.mp3"", ""TTA/audioldm/Lost_Paradise_Autumn_Interlude_audioldm_TTA_001.mp3"", ""TTA/brev/Lost_Paradise_Autumn_Interlude_brev_TTA_001.mp3"", ""TTA/brev/Lost_Paradise_Autumn_Interlude_brev_TTA_002.mp3"", ""TTA/diffrhythm/Lost_Paradise_Autumn_Interlude_diffrhythm_TTA_001.mp3"", ""TTA/elevenlabs/Lost_Paradise_Autumn_Interlude_elevenlabs_TTA_001.mp3"", ""TTA/elevenlabs/Lost_Paradise_Autumn_Interlude_elevenlabs_TTA_002.mp3"", ""TTA/mubert/Lost_Paradise_Autumn_Interlude_mubert_TTA_001.mp3"", ""TTA/musicgen/Lost_Paradise_Autumn_Interlude_musicgen_TTA_001.wav"", ""TTA/producer/Lost_Paradise_Autumn_Interlude_producer_TTA_001.mp3"", ""TTA/songgen/Lost_Paradise_Autumn_Interlude_songgen_TTA_001.mp3"", ""TTA/stableaudio/Lost_Paradise_Autumn_Interlude_stableaudio_TTA_001.mp3"", ""TTA/suno/Lost_Paradise_Autumn_Interlude_suno_TTA_001.mp3"", ""TTA/suno/Lost_Paradise_Autumn_Interlude_suno_TTA_002.mp3"", ""TTA/udio/Lost_Paradise_Autumn_Interlude_udio_TTA_001.mp3"", ""TTA/udio/Lost_Paradise_Autumn_Interlude_udio_TTA_002.mp3""]","[""acestep"", ""audioldm"", ""brev"", ""diffrhythm"", ""elevenlabs"", ""mubert"", ""musicgen"", ""producer"", ""songgen"", ""stableaudio"", ""suno"", ""udio""]","[""Rock""]",14b0c76c6a691c42fadfab9fb6a4eb1ee8c628a2,metadata_complete,,unverified
